MatchID,SquadID,Minute,Score,Player1,Player2,Event
4df3a732,15f49df1,11,0:0,59da315a,b2ea5a14,Substitute
4df3a732,15f49df1,23,0:0,e891b7ae,,Yellow Card
4df3a732,15f49df1,61,1:0,5b5de127,,Goal
4df3a732,15f49df1,62,1:0,f45ad67e,d3c316a3,Substitute
4df3a732,15f49df1,62,1:0,23a1662b,78c237d1,Substitute
4df3a732,15f49df1,68,2:0,e891b7ae,,Goal
4df3a732,15f49df1,72,2:0,a5d0b32a,e891b7ae,Substitute
4df3a732,15f49df1,72,2:0,0bfd82d0,ca934b6b,Substitute
4df3a732,4c088abe,41,0:0,f262e54f,,Yellow Card
4df3a732,4c088abe,52,0:0,38807c65,,Yellow Card
4df3a732,4c088abe,57,0:0,b48a6ed4,d8e8aa5e,Substitute
4df3a732,4c088abe,58,0:0,358f6b63,b7afea5e,Substitute
4df3a732,4c088abe,58,0:0,4e2a3397,00bdb60c,Substitute
4df3a732,4c088abe,72,2:0,29ce678a,38807c65,Substitute
4df3a732,4c088abe,77,2:0,57f0f9b3,67d43354,Substitute
87c755cd,aa11fb42,58,0:1,72c566fe,fbfaadb9,Substitute
87c755cd,aa11fb42,68,0:1,17630d22,aa9bb943,Substitute
87c755cd,aa11fb42,68,0:1,e953f471,f4697c5c,Substitute
87c755cd,aa11fb42,77,0:1,e953f471,,Yellow Card
87c755cd,aa11fb42,78,0:1,f7f6c62c,25f540ad,Substitute
87c755cd,aa11fb42,78,0:1,69053d78,1c279d7d,Substitute
87c755cd,aa11fb42,87,0:2,a94af7b3,,Yellow Card
87c755cd,aa11fb42,90+2,1:2,e953f471,,Goal
87c755cd,aa11fb42,90+5,1:2,e20acc1f,,Yellow Card
87c755cd,89818574,33,0:1,645bf5f7,8ce35340,Goal
87c755cd,89818574,69,0:1,c464f93a,419dbe83,Substitute
87c755cd,89818574,79,0:1,32f48f46,645bf5f7,Substitute
87c755cd,89818574,82,0:2,6965bcd4,,Goal
87c755cd,89818574,88,0:2,e249a101,fa2ad5a0,Substitute
abfde9d9,c21f25d3,6,1:0,0fb6be65,7e9faac9,Goal
abfde9d9,c21f25d3,62,1:1,7bc9579b,,Yellow Card
abfde9d9,c21f25d3,71,1:1,7bcd77cf,4ddfe96c,Substitute
abfde9d9,c21f25d3,71,1:1,924c6a21,eb7a2b29,Substitute
abfde9d9,c21f25d3,72,1:1,5485206d,937e27c5,Substitute
abfde9d9,c21f25d3,80,1:1,4592dd7c,7e9faac9,Substitute
abfde9d9,c21f25d3,80,1:1,93504985,7bc9579b,Substitute
abfde9d9,7a7bef84,45,1:0,b0cf1db5,,Yellow Card
abfde9d9,7a7bef84,46,1:0,d5195e84,ec6de98d,Substitute
abfde9d9,7a7bef84,49,1:1,ecf1f2a5,,Own Goal
abfde9d9,7a7bef84,63,1:1,56810b51,7f9fb342,Substitute
abfde9d9,7a7bef84,72,1:1,06c27ef8,7e31d872,Substitute
abfde9d9,7a7bef84,72,1:1,97d28a0b,93aa95a3,Substitute
abfde9d9,7a7bef84,87,1:1,d1a76823,6041cdeb,Substitute
d0329f46,54582b93,40,1:0,46f75f0c,,Goal
d0329f46,54582b93,50,1:0,82f12690,e5cf9043,Substitute
d0329f46,54582b93,74,1:0,f4cdd292,46f75f0c,Substitute
d0329f46,54582b93,74,1:0,b7defb34,8f146dff,Substitute
d0329f46,54582b93,90,2:0,b7defb34,f4cdd292,Goal
d0329f46,f96ff499,60,1:0,ff43414f,450dbe8a,Substitute
d0329f46,f96ff499,72,1:0,fde686b3,6d0122d9,Substitute
d0329f46,f96ff499,80,1:0,df53f37b,e4121aed,Substitute
f4452586,215d9026,34,1:0,318ab9c3,,Own Goal
f4452586,215d9026,50,2:0,68c02e30,83bc27df,Goal
f4452586,215d9026,63,2:1,83bc27df,,Yellow Card
f4452586,215d9026,64,2:1,047111da,cd97e99c,Substitute
f4452586,215d9026,64,2:1,13e889fa,83f1bd99,Substitute
f4452586,215d9026,73,2:2,e63f5928,,Red Card
f4452586,215d9026,81,2:2,672072df,68c02e30,Substitute
f4452586,215d9026,81,2:2,8e0e1589,a788992d,Substitute
f4452586,215d9026,89,2:2,09e61a3d,cf98a5b6,Substitute
f4452586,215d9026,90+6,2:2,6c9c37a8,,Yellow Card
f4452586,b56c2667,56,2:1,7fa57813,4c5339f9,Goal
f4452586,b56c2667,69,2:2,7fa57813,36e74d61,Goal
f4452586,b56c2667,70,2:2,96f3022f,02d10cee,Substitute
f4452586,b56c2667,70,2:2,56d96411,37ed9d8f,Substitute
f4452586,b56c2667,75,2:2,56d96411,,Yellow Card
f4452586,b56c2667,78,2:2,109f5c4c,36e74d61,Substitute
f4452586,b56c2667,90,2:2,68efab40,77448ed7,Substitute
f4452586,b56c2667,90,2:2,3ab95bec,7fa57813,Substitute
b2402e4e,e9fecaf2,40,1:1,2b721e60,,Goal
b2402e4e,e9fecaf2,46,1:1,3dbd60d3,4e42e797,Substitute
b2402e4e,e9fecaf2,46,1:1,a2da2320,58a40d2e,Substitute
b2402e4e,e9fecaf2,52,1:1,8f83b165,6c3d5e2c,Substitute
b2402e4e,e9fecaf2,67,1:2,08259171,c54a5844,Substitute
b2402e4e,e9fecaf2,68,2:2,08259171,,Goal
b2402e4e,e9fecaf2,86,2:2,630a783e,ffb9b018,Substitute
b2402e4e,0f4738a8,16,0:1,73ea3a61,b44fbd50,Goal
b2402e4e,0f4738a8,46,1:1,f86c9887,80df9863,Substitute
b2402e4e,0f4738a8,57,1:2,61478cfd,,Goal
b2402e4e,0f4738a8,58,1:2,9b88dd16,c9ef783a,Substitute
b2402e4e,0f4738a8,58,1:2,d55abfda,93061962,Substitute
b2402e4e,0f4738a8,63,1:2,d55abfda,,Yellow Card
b2402e4e,0f4738a8,88,2:2,c1f9c0b1,494a468d,Substitute
b2402e4e,0f4738a8,90+4,2:3,73ea3a61,,Goal
d320ccc0,94929c05,1,1:0,7403b395,,Goal
d320ccc0,94929c05,37,2:0,08137080,3b7b59d8,Goal
d320ccc0,94929c05,45,3:0,2dfa2aa3,619b6566,Goal
d320ccc0,94929c05,63,3:0,008c802c,2dfa2aa3,Substitute
d320ccc0,94929c05,63,3:0,7685f89a,7403b395,Substitute
d320ccc0,94929c05,73,3:0,32afe064,2b141a84,Substitute
d320ccc0,94929c05,73,3:0,e660b6a5,3b7b59d8,Substitute
d320ccc0,94929c05,83,3:0,4c0a4b1e,08137080,Substitute
d320ccc0,27acb0af,46,3:0,b453c51e,d10dca54,Substitute
d320ccc0,27acb0af,46,3:0,9b2eca77,4769f6f1,Substitute
d320ccc0,27acb0af,62,3:0,ed9340d2,fb8712fd,Substitute
d320ccc0,27acb0af,62,3:0,658b6b76,8d9be8cd,Substitute
d320ccc0,27acb0af,68,3:0,53b686a8,,Yellow Card
d320ccc0,27acb0af,84,3:0,85dfa74d,bcda089b,Substitute
d320ccc0,27acb0af,90+1,3:0,b453c51e,,Yellow Card
ddc9ce5c,74142337,29,1:0,abf740b5,06776ec6,Goal
ddc9ce5c,74142337,46,1:0,0a12ad6e,ca9f6f0a,Substitute
ddc9ce5c,74142337,58,1:1,ead3c3e2,06776ec6,Substitute
ddc9ce5c,74142337,66,1:1,3204f0a1,e074f9c9,Substitute
ddc9ce5c,74142337,66,1:1,36fbc818,5fea5453,Substitute
ddc9ce5c,74142337,90+5,1:2,0a12ad6e,,Yellow Card
ddc9ce5c,753b93a5,41,1:0,db9efbc7,,Yellow Card
ddc9ce5c,753b93a5,46,1:0,e0a14e54,363c5220,Substitute
ddc9ce5c,753b93a5,46,1:0,f0b190fd,db9efbc7,Substitute
ddc9ce5c,753b93a5,50,1:1,b876a4b2,,Penalty Kick
ddc9ce5c,753b93a5,53,1:1,a200616d,,Yellow Card
ddc9ce5c,753b93a5,75,1:2,b876a4b2,e0a14e54,Goal
ddc9ce5c,753b93a5,81,1:2,1f5790d3,b876a4b2,Substitute
ddc9ce5c,753b93a5,85,1:2,f7d95aa2,87dbd121,Substitute
ddc9ce5c,753b93a5,90+1,1:2,4c04b752,63d6ebea,Substitute
5a55bc4f,89818574,43,0:1,8ce35340,,Yellow Card
5a55bc4f,89818574,46,0:1,e249a101,6965bcd4,Substitute
5a55bc4f,89818574,46,0:1,32f48f46,8ce35340,Substitute
5a55bc4f,89818574,46,0:1,419dbe83,c464f93a,Substitute
5a55bc4f,89818574,52,0:1,fa2ad5a0,,Yellow Card
5a55bc4f,89818574,55,0:1,9dde3aba,,Yellow Card
5a55bc4f,89818574,58,1:1,32f48f46,2f7b026f,Goal
5a55bc4f,89818574,64,2:1,32f48f46,e249a101,Goal
5a55bc4f,89818574,70,3:1,fc36eaca,,Penalty Kick
5a55bc4f,89818574,74,3:1,3a794757,645bf5f7,Substitute
5a55bc4f,89818574,88,3:1,a9d8cb9c,2f7b026f,Substitute
5a55bc4f,89818574,90+3,3:1,e249a101,,Yellow Card
5a55bc4f,753b93a5,13,0:1,449cc744,,Goal
5a55bc4f,753b93a5,60,1:1,4cac6cf9,e0a14e54,Substitute
5a55bc4f,753b93a5,61,1:1,363c5220,360a8119,Substitute
5a55bc4f,753b93a5,69,2:1,a200616d,,Yellow Card
5a55bc4f,753b93a5,71,3:1,db9efbc7,6d5d11eb,Substitute
5a55bc4f,753b93a5,71,3:1,4c04b752,a200616d,Substitute
5a55bc4f,753b93a5,82,3:1,1f5790d3,f0b190fd,Substitute
8c012533,27acb0af,46,0:0,85dfa74d,bcda089b,Substitute
8c012533,27acb0af,64,0:0,9b2eca77,fb8712fd,Substitute
8c012533,27acb0af,76,0:0,93a9949d,658b6b76,Substitute
8c012533,27acb0af,82,1:0,9b2eca77,85dfa74d,Goal
8c012533,27acb0af,88,1:0,9b2eca77,,Yellow Card
8c012533,e9fecaf2,67,0:0,a2da2320,58a40d2e,Substitute
8c012533,e9fecaf2,71,0:0,a2da2320,,Yellow Card
8c012533,e9fecaf2,88,1:0,014e6949,ba27b13d,Substitute
e777f569,f96ff499,35,0:0,0db7b252,,Yellow Card
e777f569,f96ff499,37,0:0,db1eeb84,,Yellow Card
e777f569,f96ff499,60,0:0,6d0122d9,fde686b3,Substitute
e777f569,f96ff499,61,1:0,09bbe355,,Penalty Kick
e777f569,f96ff499,73,1:0,ff43414f,46f6d3ed,Substitute
e777f569,f96ff499,82,1:0,e434984e,e4121aed,Substitute
e777f569,f96ff499,82,1:0,df53f37b,db1eeb84,Substitute
e777f569,f96ff499,87,2:0,277764c1,e434984e,Goal
e777f569,215d9026,65,1:0,8e0e1589,047111da,Substitute
e777f569,215d9026,65,1:0,d6a30323,a788992d,Substitute
e777f569,215d9026,66,1:0,318ab9c3,,Yellow Card
e777f569,215d9026,68,1:0,6c9c37a8,,Yellow Card
e777f569,215d9026,71,1:0,13e889fa,09e61a3d,Substitute
e777f569,215d9026,71,1:0,cd97e99c,6c9c37a8,Substitute
e777f569,215d9026,79,1:0,86d66f47,83f1bd99,Substitute
799cf7ad,c21f25d3,35,1:0,924c6a21,eb7a2b29,Goal
799cf7ad,c21f25d3,46,1:1,0fb6be65,4592dd7c,Substitute
799cf7ad,c21f25d3,52,1:2,4ddfe96c,,Yellow Card
799cf7ad,c21f25d3,58,2:2,7bcd77cf,4ddfe96c,Goal
799cf7ad,c21f25d3,59,2:2,937e27c5,5485206d,Substitute
799cf7ad,c21f25d3,59,2:2,7e9faac9,4ddfe96c,Substitute
799cf7ad,c21f25d3,59,2:2,20c7b4de,c9f131f8,Substitute
799cf7ad,c21f25d3,80,2:2,322b3c10,924c6a21,Substitute
799cf7ad,74142337,43,1:1,abf740b5,0a12ad6e,Goal
799cf7ad,74142337,50,1:2,3204f0a1,,Goal
799cf7ad,74142337,53,1:2,ead3c3e2,3204f0a1,Substitute
799cf7ad,74142337,53,1:2,be71f47a,0a12ad6e,Substitute
799cf7ad,74142337,63,2:2,66c60fdc,06776ec6,Substitute
799cf7ad,74142337,82,2:2,80e183db,,Yellow Card
799cf7ad,74142337,83,2:2,47197c8a,ca9f6f0a,Substitute
ad54c9ef,b56c2667,65,0:0,56d96411,109f5c4c,Substitute
ad54c9ef,b56c2667,65,0:0,77448ed7,68efab40,Substitute
ad54c9ef,b56c2667,76,0:0,b9002fb4,36e74d61,Substitute
ad54c9ef,b56c2667,84,0:0,3d6375b1,02d10cee,Substitute
ad54c9ef,b56c2667,84,0:0,37ed9d8f,96f3022f,Substitute
ad54c9ef,b56c2667,90,1:0,7fa57813,,Goal
ad54c9ef,aa11fb42,68,0:0,fbfaadb9,72c566fe,Substitute
ad54c9ef,aa11fb42,68,0:0,f4697c5c,aa9bb943,Substitute
ad54c9ef,aa11fb42,69,0:0,97dbd183,,Yellow Card
ad54c9ef,aa11fb42,80,0:0,eaf4b5e2,17630d22,Substitute
ad54c9ef,aa11fb42,87,0:0,5772c6a8,,Yellow Card
ad54c9ef,aa11fb42,90+1,1:0,25f540ad,d5b21745,Substitute
ad54c9ef,aa11fb42,90+1,1:0,a5cc09de,5772c6a8,Substitute
6a01f711,7a7bef84,46,0:1,06c27ef8,7e31d872,Substitute
6a01f711,7a7bef84,47,0:1,b75a6a51,,Yellow Card
6a01f711,7a7bef84,55,0:2,7f9fb342,97d28a0b,Substitute
6a01f711,7a7bef84,56,1:2,56810b51,93aa95a3,Goal
6a01f711,7a7bef84,66,1:2,ec6de98d,b75a6a51,Substitute
6a01f711,7a7bef84,79,1:3,d5195e84,93aa95a3,Substitute
6a01f711,7a7bef84,79,1:3,15cc3dbd,56810b51,Substitute
6a01f711,7a7bef84,85,2:3,ecf1f2a5,,Own Goal
6a01f711,15f49df1,26,0:1,d41a5309,,Goal
6a01f711,15f49df1,48,0:2,23a1662b,59da315a,Goal
6a01f711,15f49df1,66,1:2,ca934b6b,0bfd82d0,Substitute
6a01f711,15f49df1,66,1:2,1e3ba0ba,23a1662b,Substitute
6a01f711,15f49df1,73,1:2,a5d0b32a,6862731d,Substitute
6a01f711,15f49df1,75,1:3,1e3ba0ba,e891b7ae,Goal
6a01f711,15f49df1,81,1:3,e891b7ae,,Yellow Card
6a01f711,15f49df1,82,1:3,1efbd058,6a86dd87,Substitute
6a01f711,15f49df1,82,1:3,d3c316a3,5b5de127,Substitute
989342a1,0f4738a8,38,1:0,73ea3a61,f86c9887,Goal
989342a1,0f4738a8,45,1:0,93061962,,Yellow Card
989342a1,0f4738a8,50,1:0,61478cfd,,Yellow Card
989342a1,0f4738a8,56,2:0,61478cfd,494a468d,Goal
989342a1,0f4738a8,79,2:0,05b86eb7,93061962,Substitute
989342a1,0f4738a8,79,2:0,d55abfda,494a468d,Substitute
989342a1,0f4738a8,81,2:0,d55abfda,,Yellow Card
989342a1,0f4738a8,85,2:0,e73e06bc,,Yellow Card
989342a1,0f4738a8,87,2:0,9b88dd16,61478cfd,Substitute
989342a1,0f4738a8,90+2,2:0,c1f9c0b1,73ea3a61,Substitute
989342a1,0f4738a8,90+2,2:0,a097ef45,e73e06bc,Substitute
989342a1,94929c05,46,1:0,32afe064,4aefa99f,Substitute
989342a1,94929c05,59,2:0,7403b395,008c802c,Substitute
989342a1,94929c05,59,2:0,68fd2ca4,08137080,Substitute
989342a1,94929c05,59,2:0,619b6566,,Yellow Card
989342a1,94929c05,62,2:0,2b141a84,,Yellow Card
989342a1,94929c05,70,2:0,e660b6a5,2b141a84,Substitute
0540f7dd,aa11fb42,20,0:0,5772c6a8,,Yellow Card
0540f7dd,aa11fb42,60,0:1,f4697c5c,69053d78,Substitute
0540f7dd,aa11fb42,60,0:1,f7f6c62c,25f540ad,Substitute
0540f7dd,aa11fb42,60,0:1,72c566fe,5772c6a8,Substitute
0540f7dd,aa11fb42,74,0:2,eaf4b5e2,aa9bb943,Substitute
0540f7dd,aa11fb42,80,0:3,1c279d7d,e953f471,Substitute
0540f7dd,aa11fb42,90+1,0:4,72c566fe,,Yellow Card
0540f7dd,7a7bef84,17,0:0,ecf1f2a5,,Yellow Card
0540f7dd,7a7bef84,34,0:1,b75a6a51,06c27ef8,Goal
0540f7dd,7a7bef84,45,0:1,6041cdeb,,Yellow Card
0540f7dd,7a7bef84,63,0:2,06c27ef8,7f9fb342,Goal
0540f7dd,7a7bef84,64,0:2,7e31d872,56810b51,Substitute
0540f7dd,7a7bef84,69,0:2,ec6de98d,7f9fb342,Substitute
0540f7dd,7a7bef84,70,0:2,97d28a0b,b0cf1db5,Substitute
0540f7dd,7a7bef84,76,0:3,7e31d872,ec6de98d,Goal
0540f7dd,7a7bef84,81,0:4,b75a6a51,ec6de98d,Goal
0540f7dd,7a7bef84,81,0:4,d5195e84,b75a6a51,Substitute
0540f7dd,7a7bef84,81,0:4,2f3692f0,6041cdeb,Substitute
0540f7dd,7a7bef84,90,0:4,d5195e84,,Yellow Card
f73a565a,74142337,26,1:1,ca9f6f0a,80e183db,Goal
f73a565a,74142337,57,1:1,66c60fdc,3204f0a1,Substitute
f73a565a,74142337,59,1:1,ca9f6f0a,,Yellow Card
f73a565a,74142337,63,1:1,06776ec6,,Yellow Card
f73a565a,74142337,76,1:2,abf740b5,,Yellow Card
f73a565a,74142337,78,1:2,cdc7ad08,,Yellow Card
f73a565a,74142337,80,1:2,ead3c3e2,e074f9c9,Substitute
f73a565a,74142337,90,1:2,36fbc818,b325f59e,Substitute
f73a565a,4c088abe,12,0:1,b48a6ed4,18e5d67b,Goal
f73a565a,4c088abe,46,1:1,00bdb60c,29ce678a,Substitute
f73a565a,4c088abe,65,1:2,67d43354,,Penalty Kick
f73a565a,4c088abe,68,1:2,38807c65,d8e8aa5e,Substitute
f73a565a,4c088abe,72,1:2,358f6b63,b7afea5e,Substitute
f73a565a,4c088abe,83,1:2,c87ba39a,b48a6ed4,Substitute
ba2b31a0,27acb0af,63,0:0,53b686a8,,Yellow Card
ba2b31a0,27acb0af,69,0:0,85dfa74d,,Yellow Card
ba2b31a0,27acb0af,70,0:0,fb8712fd,9b2eca77,Substitute
ba2b31a0,27acb0af,79,0:0,d10dca54,53b686a8,Substitute
ba2b31a0,f96ff499,56,0:0,9488f06e,,Yellow Card
ba2b31a0,f96ff499,58,0:0,e4121aed,450dbe8a,Substitute
ba2b31a0,f96ff499,58,0:0,6d0122d9,db1eeb84,Substitute
ba2b31a0,f96ff499,67,0:0,fc74a000,9488f06e,Substitute
ba2b31a0,f96ff499,79,0:0,ff43414f,ab57ed6a,Substitute
ba2b31a0,f96ff499,80,0:0,277764c1,,Yellow Card
1f2a3a7f,15f49df1,4,0:0,e891b7ae,,Yellow Card
1f2a3a7f,15f49df1,22,1:0,e891b7ae,,Goal
1f2a3a7f,15f49df1,53,1:0,1efbd058,,Yellow Card
1f2a3a7f,15f49df1,59,2:0,59da315a,1e3ba0ba,Goal
1f2a3a7f,15f49df1,60,2:0,5b5de127,23a1662b,Substitute
1f2a3a7f,15f49df1,61,2:0,6862731d,a5d0b32a,Substitute
1f2a3a7f,15f49df1,61,3:0,5b5de127,59da315a,Goal
1f2a3a7f,15f49df1,65,4:0,59da315a,1e3ba0ba,Goal
1f2a3a7f,15f49df1,67,4:0,d3c316a3,e891b7ae,Substitute
1f2a3a7f,15f49df1,68,5:0,5b5de127,b2ea5a14,Goal
1f2a3a7f,15f49df1,72,5:0,f45ad67e,5056c581,Substitute
1f2a3a7f,15f49df1,72,5:0,6a86dd87,1efbd058,Substitute
1f2a3a7f,15f49df1,77,6:0,d3c316a3,59da315a,Goal
1f2a3a7f,15f49df1,78,7:0,d3c316a3,6862731d,Goal
1f2a3a7f,89818574,26,1:0,c73de6bc,,Yellow Card
1f2a3a7f,89818574,44,1:0,2f7b026f,,Yellow Card
1f2a3a7f,89818574,60,2:0,c464f93a,419dbe83,Substitute
1f2a3a7f,89818574,67,4:0,e249a101,4d63a7ee,Substitute
1f2a3a7f,89818574,67,4:0,8ce35340,fa2ad5a0,Substitute
1f2a3a7f,89818574,78,6:0,d0c1e0fa,c73de6bc,Substitute
1183b290,753b93a5,30,1:1,63d6ebea,,Goal
1183b290,753b93a5,36,1:1,f43010b0,,Yellow Card
1183b290,753b93a5,46,1:1,db9efbc7,6d5d11eb,Substitute
1183b290,753b93a5,59,1:1,f0b190fd,1f5790d3,Substitute
1183b290,753b93a5,68,1:1,4cac6cf9,b876a4b2,Substitute
1183b290,753b93a5,77,1:1,4c04b752,a200616d,Substitute
1183b290,753b93a5,77,1:1,e0a14e54,87dbd121,Substitute
1183b290,753b93a5,85,2:1,63d6ebea,,Goal
1183b290,753b93a5,90+6,3:1,db9efbc7,449cc744,Goal
1183b290,e9fecaf2,20,0:0,def5954e,,Yellow Card
1183b290,e9fecaf2,26,0:1,2b721e60,3dbd60d3,Goal
1183b290,e9fecaf2,46,1:1,014e6949,ba27b13d,Substitute
1183b290,e9fecaf2,53,1:1,014e6949,,Yellow Card
1183b290,e9fecaf2,62,1:1,ffb9b018,,Yellow Card
1183b290,e9fecaf2,82,1:1,a2da2320,58a40d2e,Substitute
1183b290,e9fecaf2,89,2:1,c54a5844,9bdf4dc7,Substitute
1183b290,e9fecaf2,90,2:1,8f83b165,ffb9b018,Substitute
8ac79dea,0f4738a8,63,0:1,d55abfda,,Yellow Card
8ac79dea,0f4738a8,68,1:1,c9ef783a,,Goal
8ac79dea,0f4738a8,88,1:1,c1f9c0b1,d55abfda,Substitute
8ac79dea,0f4738a8,90,1:2,93061962,c9ef783a,Substitute
8ac79dea,b56c2667,30,0:1,03213ea0,,Own Goal
8ac79dea,b56c2667,55,0:1,03213ea0,,Yellow Card
8ac79dea,b56c2667,57,0:1,109f5c4c,02d10cee,Substitute
8ac79dea,b56c2667,67,0:1,4c5339f9,,Yellow Card
8ac79dea,b56c2667,69,1:1,37ed9d8f,b9002fb4,Substitute
8ac79dea,b56c2667,85,1:1,3d6375b1,96f3022f,Substitute
8ac79dea,b56c2667,85,1:1,68efab40,7fa57813,Substitute
8ac79dea,b56c2667,89,1:2,68efab40,36e74d61,Goal
c812444e,215d9026,16,1:0,13e889fa,83bc27df,Goal
c812444e,215d9026,58,1:0,09e61a3d,13e889fa,Substitute
c812444e,215d9026,59,1:0,09e61a3d,,Yellow Card
c812444e,215d9026,60,1:0,6c9c37a8,,Yellow Card
c812444e,215d9026,66,1:0,cd97e99c,6c9c37a8,Substitute
c812444e,215d9026,66,1:0,83f1bd99,86d66f47,Substitute
c812444e,215d9026,76,2:0,09e61a3d,,Penalty Kick
c812444e,215d9026,88,2:1,f87487b0,cf98a5b6,Substitute
c812444e,215d9026,88,2:1,672072df,8e0e1589,Substitute
c812444e,c21f25d3,12,0:0,7bc9579b,,Yellow Card
c812444e,c21f25d3,46,1:0,20c7b4de,eb7a2b29,Substitute
c812444e,c21f25d3,55,1:0,395b426f,93504985,Substitute
c812444e,c21f25d3,55,1:0,5485206d,daeee8a9,Substitute
c812444e,c21f25d3,67,1:0,4ddfe96c,7bcd77cf,Substitute
c812444e,c21f25d3,68,1:0,322b3c10,0fb6be65,Substitute
c812444e,c21f25d3,77,2:0,20c7b4de,,Yellow Card
c812444e,c21f25d3,85,2:1,7e9faac9,4ddfe96c,Goal
c812444e,c21f25d3,90+3,2:2,4ddfe96c,5485206d,Goal
18efae97,94929c05,46,0:2,08137080,d60aaf02,Substitute
18efae97,94929c05,60,0:2,4aefa99f,62c5ffcc,Substitute
18efae97,94929c05,64,0:2,3b7b59d8,,Yellow Card
18efae97,94929c05,70,0:2,2b141a84,32afe064,Substitute
18efae97,94929c05,70,0:2,008c802c,7685f89a,Substitute
18efae97,94929c05,89,0:2,68fd2ca4,3b7b59d8,Substitute
18efae97,54582b93,29,0:1,b7defb34,b30c8ad2,Goal
18efae97,54582b93,40,0:2,cd031048,b30c8ad2,Goal
18efae97,54582b93,54,0:2,c165d140,,Yellow Card
18efae97,54582b93,61,0:2,f4cdd292,830c134a,Substitute
18efae97,54582b93,61,0:2,d32ce66e,08b5ed2e,Substitute
18efae97,54582b93,62,0:2,b7defb34,,Yellow Card
18efae97,54582b93,65,0:2,8f146dff,b7defb34,Substitute
18efae97,54582b93,82,0:2,bd2f40ca,cd031048,Substitute
18efae97,54582b93,82,0:2,46f75f0c,6ce1049b,Substitute
18efae97,54582b93,90+5,0:3,b30c8ad2,f4cdd292,Goal
b666c172,753b93a5,46,0:0,449cc744,4cac6cf9,Substitute
b666c172,753b93a5,60,0:0,4c04b752,87dbd121,Substitute
b666c172,753b93a5,69,1:1,449cc744,b876a4b2,Goal
b666c172,753b93a5,71,1:1,db9efbc7,360a8119,Substitute
b666c172,753b93a5,78,1:1,363c5220,6d5d11eb,Substitute
b666c172,753b93a5,78,1:1,1f5790d3,f0b190fd,Substitute
b666c172,753b93a5,90+4,1:1,a200616d,,Yellow Card
b666c172,0f4738a8,61,0:1,61478cfd,c9ef783a,Goal
b666c172,0f4738a8,76,1:1,d55abfda,93061962,Substitute
b666c172,0f4738a8,84,1:1,9b88dd16,c9ef783a,Substitute
b666c172,0f4738a8,90,1:1,a097ef45,80df9863,Substitute
e20140d7,c21f25d3,62,0:0,eb7a2b29,0fb6be65,Substitute
e20140d7,c21f25d3,68,0:0,4ddfe96c,,Yellow Card
e20140d7,c21f25d3,71,0:0,aec17e23,,Yellow Card
e20140d7,c21f25d3,72,0:0,7e9faac9,,Yellow Card
e20140d7,c21f25d3,73,0:0,93504985,7bc9579b,Substitute
e20140d7,c21f25d3,74,0:0,7bcd77cf,4ddfe96c,Substitute
e20140d7,c21f25d3,84,0:1,322b3c10,20c7b4de,Substitute
e20140d7,c21f25d3,84,0:1,4592dd7c,daeee8a9,Substitute
e20140d7,c21f25d3,90+6,1:1,924c6a21,7e9faac9,Goal
e20140d7,4c088abe,33,0:0,1063bc16,,Yellow Card
e20140d7,4c088abe,55,0:0,454771bc,,Yellow Card
e20140d7,4c088abe,61,0:0,29ce678a,00bdb60c,Substitute
e20140d7,4c088abe,61,0:0,d8e8aa5e,583ad7f6,Substitute
e20140d7,4c088abe,61,0:0,c87ba39a,b7afea5e,Substitute
e20140d7,4c088abe,63,0:0,c87ba39a,,Yellow Card
e20140d7,4c088abe,74,0:0,358f6b63,38807c65,Substitute
e20140d7,4c088abe,79,0:1,c87ba39a,,Goal
e20140d7,4c088abe,87,0:1,4e2a3397,18e5d67b,Substitute
e20140d7,4c088abe,89,0:1,358f6b63,,Yellow Card
e20140d7,4c088abe,90+5,0:1,1063bc16,,Second Yellow Card
e20140d7,4c088abe,90+6,0:1,67d43354,,Yellow Card
b954009a,b56c2667,23,0:0,7fa57813,,Yellow Card
b954009a,b56c2667,27,1:0,77448ed7,,Goal
b954009a,b56c2667,51,2:0,77448ed7,56d96411,Goal
b954009a,b56c2667,70,3:0,7fa57813,,Penalty Kick
b954009a,b56c2667,71,3:0,592989d5,56d96411,Substitute
b954009a,b56c2667,71,3:0,75d7ddf4,4c5339f9,Substitute
b954009a,b56c2667,71,3:0,96f3022f,03213ea0,Substitute
b954009a,b56c2667,78,3:0,3ab95bec,247f6fbc,Substitute
b954009a,b56c2667,82,3:0,3d6375b1,7fa57813,Substitute
b954009a,b56c2667,88,4:0,77448ed7,3d6375b1,Goal
b954009a,b56c2667,90+1,5:0,77448ed7,109f5c4c,Goal
b954009a,27acb0af,46,1:0,4769f6f1,2fe6b297,Substitute
b954009a,27acb0af,46,1:0,784375f4,2f578446,Substitute
b954009a,27acb0af,63,2:0,d10dca54,b453c51e,Substitute
b954009a,27acb0af,74,3:0,ed9340d2,9b2eca77,Substitute
b954009a,27acb0af,75,3:0,93a9949d,658b6b76,Substitute
139e63cd,94929c05,65,0:2,08137080,7685f89a,Substitute
139e63cd,94929c05,65,0:2,68fd2ca4,32afe064,Substitute
139e63cd,94929c05,69,0:2,2b141a84,e660b6a5,Substitute
139e63cd,94929c05,77,0:2,b79eb47c,3b7b59d8,Substitute
139e63cd,94929c05,77,0:2,4c0a4b1e,008c802c,Substitute
139e63cd,15f49df1,37,0:0,d41a5309,,Yellow Card
139e63cd,15f49df1,50,0:1,1e3ba0ba,6862731d,Goal
139e63cd,15f49df1,58,0:2,5b5de127,e891b7ae,Goal
139e63cd,15f49df1,61,0:2,f3d165f5,1e3ba0ba,Substitute
139e63cd,15f49df1,61,0:2,23a1662b,5b5de127,Substitute
139e63cd,15f49df1,62,0:2,5056c581,f45ad67e,Substitute
139e63cd,15f49df1,68,0:2,0bfd82d0,ca934b6b,Substitute
139e63cd,15f49df1,69,0:2,d3c316a3,e891b7ae,Substitute
139e63cd,15f49df1,84,0:3,59da315a,d3c316a3,Goal
80948039,54582b93,56,1:2,b30c8ad2,,Goal
80948039,54582b93,58,2:2,b30c8ad2,b7defb34,Goal
80948039,54582b93,59,2:2,82f12690,f4cdd292,Substitute
80948039,54582b93,59,2:2,830c134a,bd2f40ca,Substitute
80948039,54582b93,68,2:2,e5cf9043,b30c8ad2,Substitute
80948039,54582b93,68,2:2,8f146dff,b7defb34,Substitute
80948039,54582b93,72,3:2,8f146dff,d0309b28,Goal
80948039,54582b93,73,4:2,8f146dff,830c134a,Goal
80948039,54582b93,74,4:2,46cc62c2,d32ce66e,Substitute
80948039,54582b93,81,5:2,8f146dff,,Goal
80948039,54582b93,85,6:2,e5cf9043,c4a096ef,Goal
80948039,aa11fb42,17,0:0,1c279d7d,,Yellow Card
80948039,aa11fb42,22,0:1,e20acc1f,fbfaadb9,Goal
80948039,aa11fb42,53,0:2,69053d78,,Own Goal
80948039,aa11fb42,57,1:2,17630d22,aa9bb943,Substitute
80948039,aa11fb42,57,1:2,a5cc09de,72c566fe,Substitute
80948039,aa11fb42,74,4:2,75ecd2d8,e953f471,Substitute
80948039,aa11fb42,74,4:2,25f540ad,f4697c5c,Substitute
80948039,aa11fb42,76,4:2,47df4a71,,Yellow Card
80948039,aa11fb42,84,5:2,d5b21745,1c279d7d,Substitute
80948039,aa11fb42,86,6:2,17630d22,,Yellow Card
aeb79023,7a7bef84,46,0:3,97d28a0b,ec6de98d,Substitute
aeb79023,7a7bef84,46,0:3,56810b51,06c27ef8,Substitute
aeb79023,7a7bef84,59,0:4,7f9fb342,,Yellow Card
aeb79023,7a7bef84,71,0:4,2f3692f0,b75a6a51,Substitute
aeb79023,7a7bef84,71,0:4,5feaae04,7f9fb342,Substitute
aeb79023,7a7bef84,80,0:4,15cc3dbd,7e31d872,Substitute
aeb79023,7a7bef84,90,0:5,ecf1f2a5,,Yellow Card
aeb79023,215d9026,10,0:1,13e889fa,d6a30323,Goal
aeb79023,215d9026,23,0:2,13e889fa,d6a30323,Goal
aeb79023,215d9026,28,0:3,09e61a3d,,Goal
aeb79023,215d9026,54,0:4,13e889fa,d6a30323,Goal
aeb79023,215d9026,63,0:4,83f1bd99,86d66f47,Substitute
aeb79023,215d9026,63,0:4,cf98a5b6,13e889fa,Substitute
aeb79023,215d9026,63,0:4,a788992d,09e61a3d,Substitute
aeb79023,215d9026,80,0:4,68c02e30,8e0e1589,Substitute
aeb79023,215d9026,80,0:4,cd97e99c,d6a30323,Substitute
aeb79023,215d9026,82,0:5,cf98a5b6,,Goal
cd076cd7,e9fecaf2,60,0:1,def5954e,,Yellow Card
cd076cd7,e9fecaf2,66,0:1,630a783e,,Yellow Card
cd076cd7,e9fecaf2,78,0:1,ba27b13d,630a783e,Substitute
cd076cd7,e9fecaf2,78,0:1,a2da2320,06ff92d6,Substitute
cd076cd7,e9fecaf2,83,0:1,014e6949,6c3d5e2c,Substitute
cd076cd7,e9fecaf2,90+1,0:1,8f83b165,def5954e,Substitute
cd076cd7,e9fecaf2,90+4,0:1,58a40d2e,,Yellow Card
cd076cd7,f96ff499,1,0:0,38354446,,Yellow Card
cd076cd7,f96ff499,45,0:1,e19143bb,6d0122d9,Goal
cd076cd7,f96ff499,75,0:1,db1eeb84,46f6d3ed,Substitute
cd076cd7,f96ff499,79,0:1,d1b7de29,ff43414f,Substitute
cd076cd7,f96ff499,87,0:1,9488f06e,6d0122d9,Substitute
3258462a,89818574,31,1:0,6965bcd4,3a794757,Goal
3258462a,89818574,33,2:0,32f48f46,e249a101,Goal
3258462a,89818574,58,3:0,32f48f46,2f7b026f,Goal
3258462a,89818574,61,4:0,3a794757,2f7b026f,Goal
3258462a,89818574,64,4:0,645bf5f7,e249a101,Substitute
3258462a,89818574,65,4:0,4d63a7ee,3a794757,Substitute
3258462a,89818574,75,4:0,a9d8cb9c,2f7b026f,Substitute
3258462a,89818574,75,4:0,c464f93a,419dbe83,Substitute
3258462a,89818574,81,4:0,8ce35340,c73de6bc,Substitute
3258462a,89818574,89,4:0,41ccf1ac,,Yellow Card
3258462a,74142337,3,0:0,b325f59e,,Yellow Card
3258462a,74142337,46,2:0,3204f0a1,abf740b5,Substitute
3258462a,74142337,46,2:0,47197c8a,7b839abb,Substitute
3258462a,74142337,46,2:0,36fbc818,66c60fdc,Substitute
3258462a,74142337,61,3:0,5fea5453,ca9f6f0a,Substitute
3258462a,74142337,76,4:0,06776ec6,ead3c3e2,Substitute
814ef50d,aa11fb42,8,0:0,17630d22,,Yellow Card
814ef50d,aa11fb42,31,1:0,25f540ad,a94af7b3,Goal
814ef50d,aa11fb42,47,1:1,69053d78,,Yellow Card
814ef50d,aa11fb42,63,1:1,72c566fe,,Yellow Card
814ef50d,aa11fb42,67,1:1,fbfaadb9,,Yellow Card
814ef50d,aa11fb42,69,1:1,aa9bb943,17630d22,Substitute
814ef50d,aa11fb42,84,1:1,e953f471,72c566fe,Substitute
814ef50d,aa11fb42,89,1:1,eaf4b5e2,f4697c5c,Substitute
814ef50d,94929c05,13,0:0,799764cf,,Yellow Card
814ef50d,94929c05,23,0:0,e660b6a5,,Yellow Card
814ef50d,94929c05,35,1:1,2dfa2aa3,3b7b59d8,Goal
814ef50d,94929c05,46,1:1,32afe064,3b7b59d8,Substitute
814ef50d,94929c05,72,1:1,2b141a84,e660b6a5,Substitute
814ef50d,94929c05,72,1:1,68fd2ca4,4c0a4b1e,Substitute
814ef50d,94929c05,88,1:1,62c5ffcc,08137080,Substitute
814ef50d,94929c05,88,1:1,7685f89a,008c802c,Substitute
9eb749ee,b56c2667,10,1:0,109f5c4c,56d96411,Goal
9eb749ee,b56c2667,22,1:0,36e74d61,,Yellow Card
9eb749ee,b56c2667,59,1:1,56d96411,,Yellow Card
9eb749ee,b56c2667,63,1:1,02d10cee,77448ed7,Substitute
9eb749ee,b56c2667,71,1:1,68efab40,03213ea0,Substitute
9eb749ee,b56c2667,88,1:1,37ed9d8f,36e74d61,Substitute
9eb749ee,89818574,27,1:0,419dbe83,,Yellow Card
9eb749ee,89818574,33,1:0,c73de6bc,,Yellow Card
9eb749ee,89818574,46,1:0,6965bcd4,4d63a7ee,Substitute
9eb749ee,89818574,46,1:0,3a794757,32f48f46,Substitute
9eb749ee,89818574,56,1:1,3a794757,645bf5f7,Goal
9eb749ee,89818574,64,1:1,8ce35340,645bf5f7,Substitute
9eb749ee,89818574,84,1:1,c464f93a,419dbe83,Substitute
9eb749ee,89818574,89,1:1,41ccf1ac,,Yellow Card
9eb749ee,89818574,89,1:1,27c88dfc,,Yellow Card
9eb749ee,89818574,90+4,1:1,a9d8cb9c,2f7b026f,Substitute
bc1e21ba,27acb0af,24,0:0,53b686a8,,Yellow Card
bc1e21ba,27acb0af,60,0:1,9b2eca77,53b686a8,Substitute
bc1e21ba,27acb0af,70,0:1,85dfa74d,,Yellow Card
bc1e21ba,27acb0af,75,0:1,ed9340d2,fb8712fd,Substitute
bc1e21ba,27acb0af,90+1,0:1,93a9949d,658b6b76,Substitute
bc1e21ba,c21f25d3,38,0:1,924c6a21,7e9faac9,Goal
bc1e21ba,c21f25d3,73,0:1,4592dd7c,322b3c10,Substitute
bc1e21ba,c21f25d3,80,0:1,20c7b4de,7bcd77cf,Substitute
bc1e21ba,c21f25d3,84,0:1,0fb6be65,924c6a21,Substitute
bc1e21ba,c21f25d3,90+4,0:2,0fb6be65,7e9faac9,Goal
fb611742,74142337,46,0:1,0a12ad6e,66c60fdc,Substitute
fb611742,74142337,57,0:1,ce3df484,abf740b5,Substitute
fb611742,74142337,60,0:1,e1d6961d,36fbc818,Substitute
fb611742,74142337,75,1:1,ca9f6f0a,,Own Goal
fb611742,74142337,82,1:1,91c39baa,ca9f6f0a,Substitute
fb611742,74142337,82,1:1,7b839abb,3204f0a1,Substitute
fb611742,15f49df1,42,0:1,6862731d,,Goal
fb611742,15f49df1,65,0:1,f3d165f5,1e3ba0ba,Substitute
fb611742,15f49df1,65,0:1,0bfd82d0,ca934b6b,Substitute
fb611742,15f49df1,66,0:1,e891b7ae,6862731d,Substitute
fb611742,15f49df1,74,0:1,23a1662b,5b5de127,Substitute
fb611742,15f49df1,77,1:1,d41a5309,6a86dd87,Substitute
fb611742,15f49df1,86,1:2,e891b7ae,d41a5309,Goal
b1300ce6,4c088abe,4,1:0,c87ba39a,67d43354,Goal
b1300ce6,4c088abe,65,1:0,38807c65,c87ba39a,Substitute
b1300ce6,4c088abe,65,1:0,00bdb60c,29ce678a,Substitute
b1300ce6,4c088abe,70,2:0,b7afea5e,,Goal
b1300ce6,4c088abe,72,2:0,358f6b63,b7afea5e,Substitute
b1300ce6,4c088abe,79,2:0,454771bc,,Yellow Card
b1300ce6,4c088abe,81,2:0,583ad7f6,d8e8aa5e,Substitute
b1300ce6,7a7bef84,28,1:0,6041cdeb,,Yellow Card
b1300ce6,7a7bef84,58,1:0,97d28a0b,7e31d872,Substitute
b1300ce6,7a7bef84,59,1:0,06c27ef8,7f9fb342,Substitute
b1300ce6,7a7bef84,64,1:0,ec6de98d,56810b51,Substitute
b1300ce6,7a7bef84,69,1:0,93aa95a3,,Yellow Card
b1300ce6,7a7bef84,80,2:0,d5195e84,2f3692f0,Substitute
b1300ce6,7a7bef84,81,2:0,2f77f07e,ac649acb,Substitute
b1300ce6,7a7bef84,85,2:0,b0cf1db5,,Yellow Card
ec7587cb,0f4738a8,42,0:1,3d077d16,,Yellow Card
ec7587cb,0f4738a8,51,1:1,73ea3a61,494a468d,Goal
ec7587cb,0f4738a8,59,2:1,61478cfd,b44fbd50,Goal
ec7587cb,0f4738a8,75,2:2,c1f9c0b1,d55abfda,Substitute
ec7587cb,0f4738a8,82,2:2,f86c9887,,Yellow Card
ec7587cb,0f4738a8,83,2:2,b110a65a,c9ef783a,Substitute
ec7587cb,54582b93,20,0:1,46f75f0c,82f12690,Goal
ec7587cb,54582b93,57,1:1,7ea4e1eb,82f12690,Substitute
ec7587cb,54582b93,57,1:1,cd031048,bd2f40ca,Substitute
ec7587cb,54582b93,67,2:1,d32ce66e,9d8f244b,Substitute
ec7587cb,54582b93,68,2:1,b7defb34,830c134a,Substitute
ec7587cb,54582b93,73,2:2,b7defb34,f4cdd292,Goal
ec7587cb,54582b93,79,2:2,d0309b28,,Yellow Card
ec7587cb,54582b93,88,2:2,e5cf9043,f4cdd292,Substitute
58706145,f96ff499,57,0:0,fde686b3,ff43414f,Substitute
58706145,f96ff499,66,0:0,46f6d3ed,38354446,Substitute
58706145,f96ff499,81,1:0,e19143bb,e4121aed,Goal
58706145,f96ff499,83,1:0,fde686b3,,Yellow Card
58706145,f96ff499,88,1:1,754f111b,db1eeb84,Substitute
58706145,753b93a5,28,0:0,a200616d,,Yellow Card
58706145,753b93a5,36,0:0,f43010b0,,Yellow Card
58706145,753b93a5,39,0:0,686238ea,,Yellow Card
58706145,753b93a5,46,0:0,449cc744,a200616d,Substitute
58706145,753b93a5,62,0:0,1f5790d3,db9efbc7,Substitute
58706145,753b93a5,78,0:0,f7d95aa2,6d5d11eb,Substitute
58706145,753b93a5,84,1:1,449cc744,f0b190fd,Goal
58706145,753b93a5,88,1:1,e0a14e54,b876a4b2,Substitute
e6fe4464,215d9026,55,0:0,cf98a5b6,09e61a3d,Substitute
e6fe4464,215d9026,55,0:0,a788992d,047111da,Substitute
e6fe4464,215d9026,70,1:0,cf98a5b6,d6a30323,Goal
e6fe4464,215d9026,81,1:0,cd97e99c,68c02e30,Substitute
e6fe4464,215d9026,90,2:0,cf98a5b6,6c9c37a8,Goal
e6fe4464,215d9026,90+1,2:0,551f91a6,d6a30323,Substitute
e6fe4464,215d9026,90+1,2:0,83f1bd99,86d66f47,Substitute
e6fe4464,e9fecaf2,9,0:0,3dbd60d3,,Yellow Card
e6fe4464,e9fecaf2,19,0:0,08259171,13af961b,Substitute
e6fe4464,e9fecaf2,33,0:0,58a40d2e,,Yellow Card
e6fe4464,e9fecaf2,74,1:0,6c3d5e2c,630a783e,Substitute
e6fe4464,e9fecaf2,86,1:0,a2da2320,ffb9b018,Substitute
e6fe4464,e9fecaf2,86,1:0,01e37463,2b721e60,Substitute
30cbd0d6,94929c05,18,1:0,32afe064,,Goal
30cbd0d6,94929c05,65,1:3,68fd2ca4,e660b6a5,Substitute
30cbd0d6,94929c05,65,1:3,2b141a84,62c5ffcc,Substitute
30cbd0d6,94929c05,73,1:3,3b7b59d8,32afe064,Substitute
30cbd0d6,94929c05,89,1:4,b79eb47c,008c802c,Substitute
30cbd0d6,94929c05,89,1:4,4c0a4b1e,08137080,Substitute
30cbd0d6,b56c2667,20,1:1,56d96411,02d10cee,Goal
30cbd0d6,b56c2667,56,1:2,7fa57813,,Goal
30cbd0d6,b56c2667,64,1:3,7fa57813,,Goal
30cbd0d6,b56c2667,65,1:3,96f3022f,02d10cee,Substitute
30cbd0d6,b56c2667,65,1:3,37ed9d8f,109f5c4c,Substitute
30cbd0d6,b56c2667,75,1:3,3d6375b1,36e74d61,Substitute
30cbd0d6,b56c2667,75,1:3,77448ed7,7fa57813,Substitute
30cbd0d6,b56c2667,77,1:4,3d6375b1,,Goal
30cbd0d6,b56c2667,80,1:4,3ab95bec,56d96411,Substitute
493b7bef,89818574,18,0:0,9dde3aba,,Yellow Card
493b7bef,89818574,36,1:0,32f48f46,,Goal
493b7bef,89818574,49,2:0,c73de6bc,,Goal
493b7bef,89818574,57,2:0,32f48f46,,Yellow Card
493b7bef,89818574,72,2:0,e249a101,6965bcd4,Substitute
493b7bef,89818574,77,2:0,8ce35340,32f48f46,Substitute
493b7bef,89818574,87,2:0,c464f93a,419dbe83,Substitute
493b7bef,89818574,88,2:0,4d63a7ee,3a794757,Substitute
493b7bef,4c088abe,48,1:0,d425eb3b,,Yellow Card
493b7bef,4c088abe,53,2:0,18e5d67b,00bdb60c,Substitute
493b7bef,4c088abe,53,2:0,b7afea5e,358f6b63,Substitute
493b7bef,4c088abe,53,2:0,38807c65,c87ba39a,Substitute
493b7bef,4c088abe,60,2:0,6786e185,29ce678a,Substitute
493b7bef,4c088abe,72,2:0,7ea14a04,55cc92c7,Substitute
8838f1cd,aa11fb42,9,0:0,72c566fe,,Yellow Card
8838f1cd,aa11fb42,45+2,0:3,1c279d7d,,Yellow Card
8838f1cd,aa11fb42,46,0:3,aa9bb943,72c566fe,Substitute
8838f1cd,aa11fb42,59,0:5,e953f471,25f540ad,Substitute
8838f1cd,aa11fb42,59,0:5,a5cc09de,f4697c5c,Substitute
8838f1cd,aa11fb42,76,0:5,d5b21745,1c279d7d,Substitute
8838f1cd,aa11fb42,76,0:5,75ecd2d8,17630d22,Substitute
8838f1cd,aa11fb42,90+1,1:5,aa9bb943,e953f471,Goal
8838f1cd,c21f25d3,25,0:1,4ddfe96c,,Goal
8838f1cd,c21f25d3,41,0:2,924c6a21,4ddfe96c,Goal
8838f1cd,c21f25d3,45+1,0:3,4ddfe96c,daeee8a9,Goal
8838f1cd,c21f25d3,51,0:4,924c6a21,0fb6be65,Goal
8838f1cd,c21f25d3,58,0:5,0fb6be65,20c7b4de,Goal
8838f1cd,c21f25d3,62,0:5,4592dd7c,924c6a21,Substitute
8838f1cd,c21f25d3,62,0:5,395b426f,daeee8a9,Substitute
8838f1cd,c21f25d3,62,0:5,eb7a2b29,0fb6be65,Substitute
8838f1cd,c21f25d3,71,0:5,7bcd77cf,4ddfe96c,Substitute
8838f1cd,c21f25d3,76,0:5,15dff0ba,322b3c10,Substitute
c4bba788,e9fecaf2,40,0:1,def5954e,,Yellow Card
c4bba788,e9fecaf2,46,0:2,8f83b165,3dbd60d3,Substitute
c4bba788,e9fecaf2,46,0:2,01e37463,6c3d5e2c,Substitute
c4bba788,e9fecaf2,65,0:2,08259171,630a783e,Substitute
c4bba788,e9fecaf2,77,0:2,a2da2320,ba27b13d,Substitute
c4bba788,74142337,37,0:1,abf740b5,,Penalty Kick
c4bba788,74142337,41,0:2,abf740b5,,Goal
c4bba788,74142337,50,0:2,ca9f6f0a,,Yellow Card
c4bba788,74142337,56,0:2,66c60fdc,80e183db,Substitute
c4bba788,74142337,67,0:2,7b839abb,0a12ad6e,Substitute
c4bba788,74142337,71,0:2,e1b3ae76,,Yellow Card
c4bba788,74142337,86,0:2,5fea5453,ca9f6f0a,Substitute
1c234734,753b93a5,18,0:1,f43010b0,,Yellow Card
1c234734,753b93a5,46,0:1,e0a14e54,a200616d,Substitute
1c234734,753b93a5,46,0:1,1f5790d3,f0b190fd,Substitute
1c234734,753b93a5,46,0:1,360a8119,db9efbc7,Substitute
1c234734,753b93a5,65,0:2,6d5d11eb,ae715fc6,Substitute
1c234734,753b93a5,90+1,1:2,b876a4b2,6d5d11eb,Goal
1c234734,27acb0af,16,0:1,658b6b76,,Goal
1c234734,27acb0af,57,0:1,2fe6b297,,Yellow Card
1c234734,27acb0af,62,0:2,85dfa74d,d10dca54,Goal
1c234734,27acb0af,74,0:2,8d9be8cd,ed9340d2,Substitute
1c234734,27acb0af,74,0:2,9b2eca77,85dfa74d,Substitute
1c234734,27acb0af,79,0:2,93015232,2fe6b297,Substitute
276c52e3,15f49df1,15,1:0,0bfd82d0,b2ea5a14,Goal
276c52e3,15f49df1,41,2:0,f3d165f5,b2ea5a14,Goal
276c52e3,15f49df1,65,2:1,843324b5,5b5de127,Substitute
276c52e3,15f49df1,74,2:1,1e3ba0ba,59da315a,Substitute
276c52e3,15f49df1,74,2:1,23a1662b,d3c316a3,Substitute
276c52e3,15f49df1,86,2:1,ca934b6b,b2ea5a14,Substitute
276c52e3,0f4738a8,30,1:0,c1f9c0b1,,Yellow Card
276c52e3,0f4738a8,43,2:1,73ea3a61,e73e06bc,Goal
276c52e3,0f4738a8,55,2:1,d55abfda,494a468d,Substitute
276c52e3,0f4738a8,68,2:1,93061962,c1f9c0b1,Substitute
276c52e3,0f4738a8,69,2:1,bf12363c,e73e06bc,Substitute
276c52e3,0f4738a8,89,2:1,9b88dd16,61478cfd,Substitute
cd61c3ba,7a7bef84,35,0:1,6041cdeb,,Yellow Card
cd61c3ba,7a7bef84,40,0:1,b0cf1db5,,Yellow Card
cd61c3ba,7a7bef84,54,1:1,b75a6a51,93aa95a3,Goal
cd61c3ba,7a7bef84,74,1:1,ec6de98d,b0cf1db5,Substitute
cd61c3ba,7a7bef84,77,1:1,469420ca,,Yellow Card
cd61c3ba,7a7bef84,80,1:1,7e31d872,7f9fb342,Substitute
cd61c3ba,7a7bef84,87,1:1,d5195e84,97d28a0b,Substitute
cd61c3ba,f96ff499,22,0:1,09bbe355,,Goal
cd61c3ba,f96ff499,56,1:1,d1b7de29,db1eeb84,Substitute
cd61c3ba,f96ff499,66,1:1,9488f06e,e19143bb,Substitute
cd61c3ba,f96ff499,78,1:1,fde686b3,0db7b252,Substitute
cd61c3ba,f96ff499,89,1:1,d1b7de29,,Yellow Card
261f6426,54582b93,62,0:0,830c134a,9d8f244b,Substitute
261f6426,54582b93,62,0:0,8f146dff,7ea4e1eb,Substitute
261f6426,54582b93,65,1:0,d32ce66e,46f75f0c,Goal
261f6426,54582b93,76,1:0,82f12690,f4cdd292,Substitute
261f6426,54582b93,76,1:0,24a00636,b7defb34,Substitute
261f6426,54582b93,87,1:0,bd2f40ca,cd031048,Substitute
261f6426,54582b93,88,1:0,830c134a,,Yellow Card
261f6426,54582b93,90+3,1:0,24a00636,,Yellow Card
261f6426,54582b93,90+5,2:0,b30c8ad2,830c134a,Goal
261f6426,215d9026,49,0:0,e63f5928,,Yellow Card
261f6426,215d9026,63,0:0,86d66f47,,Yellow Card
261f6426,215d9026,69,1:0,09e61a3d,86d66f47,Substitute
261f6426,215d9026,69,1:0,83f1bd99,68c02e30,Substitute
261f6426,215d9026,80,1:0,c5ce2271,8e0e1589,Substitute
261f6426,215d9026,80,1:0,551f91a6,6c9c37a8,Substitute
261f6426,215d9026,90,1:0,672072df,047111da,Substitute
261f6426,215d9026,90+3,1:0,83bc27df,,Yellow Card
b39cbf7b,b56c2667,37,0:0,96f3022f,b9002fb4,Substitute
b39cbf7b,b56c2667,51,0:0,4c5339f9,,Yellow Card
b39cbf7b,b56c2667,64,0:1,77448ed7,02d10cee,Substitute
b39cbf7b,b56c2667,64,0:1,109f5c4c,37ed9d8f,Substitute
b39cbf7b,b56c2667,68,0:1,3ca55cb5,,Yellow Card
b39cbf7b,b56c2667,78,1:1,56d96411,77448ed7,Goal
b39cbf7b,b56c2667,83,1:1,247f6fbc,,Yellow Card
b39cbf7b,b56c2667,90,1:1,68efab40,56d96411,Substitute
b39cbf7b,c21f25d3,19,0:0,daeee8a9,,Yellow Card
b39cbf7b,c21f25d3,51,0:1,7e9faac9,,Penalty Kick
b39cbf7b,c21f25d3,62,0:1,eb7a2b29,924c6a21,Substitute
b39cbf7b,c21f25d3,67,0:1,aec17e23,,Yellow Card
b39cbf7b,c21f25d3,80,1:1,06a0b963,aec17e23,Substitute
b39cbf7b,c21f25d3,81,1:1,7bcd77cf,20c7b4de,Substitute
8b892b0c,4c088abe,20,1:0,55cc92c7,,Own Goal
8b892b0c,4c088abe,25,1:0,454771bc,,Yellow Card
8b892b0c,4c088abe,57,1:0,6786e185,c87ba39a,Substitute
8b892b0c,4c088abe,58,1:0,7ea14a04,29ce678a,Substitute
8b892b0c,4c088abe,62,1:0,6786e185,,Yellow Card
8b892b0c,4c088abe,69,1:0,583ad7f6,d425eb3b,Substitute
8b892b0c,4c088abe,84,1:1,00bdb60c,18e5d67b,Substitute
8b892b0c,4c088abe,84,1:1,e56b66f7,454771bc,Substitute
8b892b0c,94929c05,54,1:0,e660b6a5,,Yellow Card
8b892b0c,94929c05,61,1:0,32afe064,,Yellow Card
8b892b0c,94929c05,77,1:0,008c802c,e660b6a5,Substitute
8b892b0c,94929c05,83,1:1,a3a76e5f,68fd2ca4,Goal
8b892b0c,94929c05,85,1:1,7685f89a,68fd2ca4,Substitute
8b892b0c,94929c05,86,1:1,2b141a84,32afe064,Substitute
8b892b0c,94929c05,90+7,1:1,4c0a4b1e,3b7b59d8,Substitute
5365c2d5,e9fecaf2,46,0:2,6c3d5e2c,3dbd60d3,Substitute
5365c2d5,e9fecaf2,54,0:2,6c3d5e2c,,Yellow Card
5365c2d5,e9fecaf2,61,0:2,01e37463,ffb9b018,Substitute
5365c2d5,e9fecaf2,68,0:2,a2da2320,ba27b13d,Substitute
5365c2d5,e9fecaf2,86,0:3,014e6949,06ff92d6,Substitute
5365c2d5,89818574,11,0:1,8ce35340,,Goal
5365c2d5,89818574,23,0:1,c464f93a,,Yellow Card
5365c2d5,89818574,37,0:1,c73de6bc,,Yellow Card
5365c2d5,89818574,45+2,0:2,8ce35340,a9d8cb9c,Goal
5365c2d5,89818574,62,0:2,419dbe83,41ccf1ac,Substitute
5365c2d5,89818574,73,0:2,32f48f46,e249a101,Substitute
5365c2d5,89818574,73,0:2,2f7b026f,3a794757,Substitute
5365c2d5,89818574,73,0:2,fa2ad5a0,a9d8cb9c,Substitute
5365c2d5,89818574,81,0:3,9dde3aba,419dbe83,Goal
5365c2d5,89818574,81,0:3,645bf5f7,8ce35340,Substitute
5365c2d5,89818574,90+1,0:3,c73de6bc,,Second Yellow Card
90a9cbdc,27acb0af,50,0:1,85dfa74d,,Yellow Card
90a9cbdc,27acb0af,62,0:1,93015232,2fe6b297,Substitute
90a9cbdc,27acb0af,62,0:1,9b2eca77,ed9340d2,Substitute
90a9cbdc,27acb0af,78,0:1,93a9949d,85dfa74d,Substitute
90a9cbdc,27acb0af,90+1,0:1,53b686a8,,Yellow Card
90a9cbdc,27acb0af,90+3,0:1,9b2eca77,,Yellow Card
90a9cbdc,27acb0af,90+6,1:1,435a10d6,93015232,Goal
90a9cbdc,215d9026,25,0:1,6c9c37a8,,Goal
90a9cbdc,215d9026,39,0:1,047111da,,Yellow Card
90a9cbdc,215d9026,40,0:1,09e61a3d,,Yellow Card
90a9cbdc,215d9026,65,0:1,d6a30323,09e61a3d,Substitute
90a9cbdc,215d9026,79,0:1,672072df,551f91a6,Substitute
90a9cbdc,215d9026,79,0:1,cd97e99c,83f1bd99,Substitute
90a9cbdc,215d9026,90,0:1,047111da,,Second Yellow Card
90a9cbdc,215d9026,90+1,0:1,a788992d,,Yellow Card
90a9cbdc,215d9026,90+2,0:1,318ab9c3,,Red Card
90a9cbdc,215d9026,90+5,0:1,8e0e1589,83bc27df,Substitute
90a9cbdc,215d9026,90+5,0:1,f87487b0,cf98a5b6,Substitute
e35454bb,0f4738a8,36,0:0,b110a65a,,Yellow Card
e35454bb,0f4738a8,68,0:1,c1f9c0b1,93061962,Substitute
e35454bb,0f4738a8,68,0:1,d55abfda,494a468d,Substitute
e35454bb,0f4738a8,78,0:1,bf12363c,e73e06bc,Substitute
e35454bb,0f4738a8,78,0:1,9b88dd16,80df9863,Substitute
e35454bb,0f4738a8,87,0:1,d55abfda,,Yellow Card
e35454bb,0f4738a8,90,1:1,c9ef783a,bf12363c,Goal
e35454bb,0f4738a8,90+6,2:1,d55abfda,61478cfd,Goal
e35454bb,aa11fb42,63,0:0,17630d22,e953f471,Substitute
e35454bb,aa11fb42,67,0:1,1c279d7d,,Goal
e35454bb,aa11fb42,77,0:1,a5cc09de,f4697c5c,Substitute
e35454bb,aa11fb42,77,0:1,eaf4b5e2,aa9bb943,Substitute
e35454bb,aa11fb42,86,0:1,17630d22,,Yellow Card
e35454bb,aa11fb42,90,0:1,69053d78,25f540ad,Substitute
e35454bb,aa11fb42,90+5,1:1,97dbd183,,Yellow Card
9a950618,f96ff499,10,1:0,9a13ac27,,Goal
9a950618,f96ff499,29,2:0,db1eeb84,,Goal
9a950618,f96ff499,48,3:0,df53f37b,,Goal
9a950618,f96ff499,55,3:0,df53f37b,,Yellow Card
9a950618,f96ff499,61,3:0,277764c1,6d0122d9,Substitute
9a950618,f96ff499,62,3:0,09bbe355,9a13ac27,Substitute
9a950618,f96ff499,71,3:0,f13170a5,df53f37b,Substitute
9a950618,f96ff499,86,3:0,33cb59bd,e4121aed,Substitute
9a950618,f96ff499,86,3:0,fe3d54bb,0db7b252,Substitute
9a950618,74142337,15,1:0,3204f0a1,,Yellow Card
9a950618,74142337,60,3:0,344aa257,3204f0a1,Substitute
9a950618,74142337,60,3:0,5fea5453,e074f9c9,Substitute
9a950618,74142337,60,3:0,057ad0ac,66c60fdc,Substitute
9a950618,74142337,81,3:0,47197c8a,,Red Card
9a950618,74142337,83,3:0,7b839abb,0a12ad6e,Substitute
9a950618,74142337,85,3:0,8d30cd58,ca9f6f0a,Substitute
9a950618,74142337,89,3:0,057ad0ac,,Yellow Card
2f768445,7a7bef84,44,0:0,b75a6a51,,Yellow Card
2f768445,7a7bef84,64,0:0,7e31d872,06c27ef8,Substitute
2f768445,7a7bef84,72,0:1,ec6de98d,97d28a0b,Substitute
2f768445,7a7bef84,72,0:1,d5195e84,93aa95a3,Substitute
2f768445,7a7bef84,83,0:2,b0cf1db5,,Yellow Card
2f768445,7a7bef84,85,0:2,5feaae04,b75a6a51,Substitute
2f768445,7a7bef84,85,0:2,15cc3dbd,7f9fb342,Substitute
2f768445,7a7bef84,88,0:3,d5195e84,,Yellow Card
2f768445,54582b93,46,0:0,46f75f0c,bd2f40ca,Substitute
2f768445,54582b93,46,0:0,f4cdd292,6ce1049b,Substitute
2f768445,54582b93,46,0:0,d32ce66e,24a00636,Substitute
2f768445,54582b93,68,0:1,8f146dff,b30c8ad2,Goal
2f768445,54582b93,75,0:1,b7defb34,8f146dff,Substitute
2f768445,54582b93,78,0:2,d32ce66e,cd031048,Goal
2f768445,54582b93,80,0:2,830c134a,,Yellow Card
2f768445,54582b93,81,0:2,e5cf9043,b30c8ad2,Substitute
2f768445,54582b93,87,0:3,b7defb34,82f12690,Goal
2f768445,54582b93,90+1,0:4,b7defb34,f4cdd292,Goal
31ab4b36,753b93a5,46,0:3,b876a4b2,63d6ebea,Substitute
31ab4b36,753b93a5,46,0:3,360a8119,ae715fc6,Substitute
31ab4b36,753b93a5,66,0:3,363c5220,f43010b0,Substitute
31ab4b36,753b93a5,69,0:3,e0a14e54,87dbd121,Substitute
31ab4b36,753b93a5,75,0:3,f7d95aa2,,Yellow Card
31ab4b36,753b93a5,84,0:4,b5b0068e,f0b190fd,Substitute
31ab4b36,15f49df1,9,0:0,a5d0b32a,,Yellow Card
31ab4b36,15f49df1,11,0:1,b2ea5a14,843324b5,Goal
31ab4b36,15f49df1,26,0:2,23a1662b,,Goal
31ab4b36,15f49df1,32,0:3,843324b5,1e3ba0ba,Goal
31ab4b36,15f49df1,46,0:3,607dd291,f3d165f5,Substitute
31ab4b36,15f49df1,46,0:3,0bfd82d0,b2ea5a14,Substitute
31ab4b36,15f49df1,46,0:3,6a86dd87,d41a5309,Substitute
31ab4b36,15f49df1,64,0:3,ca242c8b,1e3ba0ba,Substitute
31ab4b36,15f49df1,64,0:3,d3c316a3,ca934b6b,Substitute
31ab4b36,15f49df1,79,0:4,6a86dd87,843324b5,Goal
8c204b99,f96ff499,38,0:0,d1b7de29,,Yellow Card
8c204b99,f96ff499,57,0:0,6d0122d9,9a13ac27,Substitute
8c204b99,f96ff499,67,0:1,450dbe8a,df53f37b,Substitute
8c204b99,f96ff499,67,0:1,db1eeb84,d1b7de29,Substitute
8c204b99,f96ff499,76,0:1,0db7b252,,Yellow Card
8c204b99,f96ff499,80,0:1,fde686b3,38354446,Substitute
8c204b99,f96ff499,90+5,1:2,0db7b252,,Goal
8c204b99,94929c05,46,0:0,32afe064,3b7b59d8,Substitute
8c204b99,94929c05,46,0:0,2dfa2aa3,4aefa99f,Substitute
8c204b99,94929c05,46,0:0,008c802c,08137080,Substitute
8c204b99,94929c05,63,0:1,68fd2ca4,2dfa2aa3,Goal
8c204b99,94929c05,66,0:1,2dfa2aa3,,Yellow Card
8c204b99,94929c05,75,0:1,7685f89a,7403b395,Substitute
8c204b99,94929c05,82,0:1,e660b6a5,619b6566,Substitute
8c204b99,94929c05,90+1,0:2,008c802c,1fe41030,Goal
9d498223,c21f25d3,30,0:0,93504985,,Yellow Card
9d498223,c21f25d3,46,0:0,06a0b963,93504985,Substitute
9d498223,c21f25d3,65,0:1,7bc9579b,,Yellow Card
9d498223,c21f25d3,68,0:1,322b3c10,924c6a21,Substitute
9d498223,c21f25d3,69,0:1,7bcd77cf,eb7a2b29,Substitute
9d498223,c21f25d3,78,0:2,937e27c5,fc7e0b07,Substitute
9d498223,c21f25d3,78,0:2,4592dd7c,daeee8a9,Substitute
9d498223,89818574,57,0:1,32f48f46,,Goal
9d498223,89818574,73,0:1,3a794757,8ce35340,Substitute
9d498223,89818574,77,0:1,32f48f46,,Yellow Card
9d498223,89818574,77,0:2,32f48f46,,Goal
9d498223,89818574,82,0:2,e249a101,c464f93a,Substitute
9d498223,89818574,82,0:2,645bf5f7,32f48f46,Substitute
9d498223,89818574,88,0:2,645bf5f7,,Yellow Card
9d498223,89818574,90+4,0:2,4d63a7ee,6965bcd4,Substitute
cca542a7,b56c2667,33,0:0,96f3022f,,Yellow Card
cca542a7,b56c2667,46,0:0,02d10cee,77448ed7,Substitute
cca542a7,b56c2667,60,0:0,68efab40,96f3022f,Substitute
cca542a7,b56c2667,60,0:0,4c5339f9,109f5c4c,Substitute
cca542a7,b56c2667,60,1:0,7fa57813,02d10cee,Goal
cca542a7,b56c2667,73,1:0,7fa57813,,Yellow Card
cca542a7,b56c2667,75,1:0,3d6375b1,3ab95bec,Substitute
cca542a7,b56c2667,84,1:0,247f6fbc,,Yellow Card
cca542a7,b56c2667,88,1:0,75d7ddf4,7fa57813,Substitute
cca542a7,e9fecaf2,53,0:0,c54a5844,,Yellow Card
cca542a7,e9fecaf2,61,1:0,3dbd60d3,4e42e797,Substitute
cca542a7,e9fecaf2,65,1:0,6c3d5e2c,8f83b165,Substitute
cca542a7,e9fecaf2,71,1:0,def5954e,,Yellow Card
cca542a7,e9fecaf2,73,1:0,a2da2320,ba27b13d,Substitute
cca542a7,e9fecaf2,73,1:0,01e37463,06ff92d6,Substitute
e203cb71,0f4738a8,25,1:0,c9ef783a,c1f9c0b1,Goal
e203cb71,0f4738a8,41,1:0,c1f9c0b1,,Yellow Card
e203cb71,0f4738a8,46,1:0,494a468d,c1f9c0b1,Substitute
e203cb71,0f4738a8,51,2:0,73ea3a61,61478cfd,Goal
e203cb71,0f4738a8,65,3:0,c9ef783a,73ea3a61,Goal
e203cb71,0f4738a8,69,3:0,9581d587,3d077d16,Substitute
e203cb71,0f4738a8,69,3:0,a097ef45,61478cfd,Substitute
e203cb71,0f4738a8,69,3:0,2aa06b99,e73e06bc,Substitute
e203cb71,0f4738a8,75,3:0,9b88dd16,d55abfda,Substitute
e203cb71,0f4738a8,90+3,3:0,b110a65a,,Yellow Card
e203cb71,27acb0af,59,2:0,9b2eca77,2fe6b297,Substitute
e203cb71,27acb0af,59,2:0,93015232,ed9340d2,Substitute
e203cb71,27acb0af,64,2:0,8d9be8cd,bcda089b,Substitute
e203cb71,27acb0af,69,3:0,b453c51e,85dfa74d,Substitute
5ef698fd,4c088abe,23,0:0,f262e54f,,Yellow Card
5ef698fd,4c088abe,28,1:0,29ce678a,67d43354,Goal
5ef698fd,4c088abe,61,1:1,454771bc,,Yellow Card
5ef698fd,4c088abe,63,1:1,d8e8aa5e,583ad7f6,Substitute
5ef698fd,4c088abe,63,1:1,18e5d67b,29ce678a,Substitute
5ef698fd,4c088abe,78,1:1,e56b66f7,358f6b63,Substitute
5ef698fd,4c088abe,78,1:1,55cc92c7,38807c65,Substitute
5ef698fd,4c088abe,88,1:1,7ea14a04,,Yellow Card
5ef698fd,4c088abe,89,1:1,b7afea5e,,Yellow Card
5ef698fd,aa11fb42,51,1:1,aa9bb943,1c279d7d,Goal
5ef698fd,aa11fb42,54,1:1,a94af7b3,,Yellow Card
5ef698fd,aa11fb42,73,1:1,17630d22,e953f471,Substitute
5ef698fd,aa11fb42,81,1:1,72c566fe,aa9bb943,Substitute
5ef698fd,aa11fb42,85,1:1,97dbd183,,Yellow Card
2f526138,7a7bef84,46,0:0,5feaae04,97d28a0b,Substitute
2f526138,7a7bef84,66,0:2,d5195e84,06c27ef8,Substitute
2f526138,7a7bef84,66,0:2,7e31d872,7f9fb342,Substitute
2f526138,7a7bef84,82,0:2,660cd10f,b75a6a51,Substitute
2f526138,74142337,46,0:0,ca9f6f0a,057ad0ac,Substitute
2f526138,74142337,46,0:1,36fbc818,ca9f6f0a,Goal
2f526138,74142337,51,0:2,36fbc818,0a12ad6e,Goal
2f526138,74142337,74,0:2,66c60fdc,91c39baa,Substitute
2f526138,74142337,81,0:2,e074f9c9,0a12ad6e,Substitute
2f526138,74142337,82,0:3,abf740b5,3204f0a1,Goal
2f526138,74142337,90,0:3,5fea5453,36fbc818,Substitute
44d7e125,215d9026,45+1,1:1,86d66f47,551f91a6,Goal
44d7e125,215d9026,58,2:1,83bc27df,09e61a3d,Goal
44d7e125,215d9026,63,2:1,e63f5928,,Yellow Card
44d7e125,215d9026,65,3:1,cf98a5b6,8e0e1589,Goal
44d7e125,215d9026,68,4:1,09e61a3d,83bc27df,Goal
44d7e125,215d9026,71,4:1,68c02e30,09e61a3d,Substitute
44d7e125,215d9026,71,4:1,a788992d,e63f5928,Substitute
44d7e125,215d9026,78,4:1,c5ce2271,cf98a5b6,Substitute
44d7e125,215d9026,78,4:1,9bb5b11c,d6a30323,Substitute
44d7e125,215d9026,84,4:1,83f1bd99,86d66f47,Substitute
44d7e125,753b93a5,29,0:1,ae715fc6,,Own Goal
44d7e125,753b93a5,64,2:1,db9efbc7,6d5d11eb,Substitute
44d7e125,753b93a5,74,4:1,e0a14e54,449cc744,Substitute
44d7e125,753b93a5,74,4:1,4c04b752,a200616d,Substitute
44d7e125,753b93a5,74,4:1,f7d95aa2,ae715fc6,Substitute
44d7e125,753b93a5,83,4:1,3bc6647a,63d6ebea,Substitute
b0c2dbac,54582b93,50,0:2,830c134a,7ea4e1eb,Substitute
b0c2dbac,54582b93,50,0:2,b7defb34,8f146dff,Substitute
b0c2dbac,54582b93,52,1:2,d32ce66e,,Own Goal
b0c2dbac,54582b93,72,1:2,f4cdd292,46f75f0c,Substitute
b0c2dbac,54582b93,72,1:2,e5cf9043,c4a096ef,Substitute
b0c2dbac,15f49df1,4,0:1,d3c316a3,b2ea5a14,Goal
b0c2dbac,15f49df1,43,0:2,b2ea5a14,d41a5309,Goal
b0c2dbac,15f49df1,61,1:2,6862731d,,Yellow Card
b0c2dbac,15f49df1,63,1:2,843324b5,d3c316a3,Substitute
b0c2dbac,15f49df1,68,1:2,5b5de127,,Yellow Card
b0c2dbac,15f49df1,75,1:2,23a1662b,5b5de127,Substitute
b0c2dbac,15f49df1,75,1:2,0bfd82d0,ca934b6b,Substitute
b0c2dbac,15f49df1,81,1:3,6862731d,,Goal
b0c2dbac,15f49df1,84,1:3,78c237d1,1e3ba0ba,Substitute
b0c2dbac,15f49df1,84,1:3,f45ad67e,5056c581,Substitute
b8a462d1,e9fecaf2,33,0:0,4e42e797,,Yellow Card
b8a462d1,e9fecaf2,38,1:0,c54a5844,9bdf4dc7,Goal
b8a462d1,e9fecaf2,46,1:0,3dbd60d3,4e42e797,Substitute
b8a462d1,e9fecaf2,65,1:0,630a783e,def5954e,Substitute
b8a462d1,e9fecaf2,69,1:0,a2da2320,ffb9b018,Substitute
b8a462d1,e9fecaf2,71,1:0,c54a5844,,Yellow Card
b8a462d1,e9fecaf2,83,1:0,def5954e,,Yellow Card
b8a462d1,e9fecaf2,87,1:0,014e6949,6c3d5e2c,Substitute
b8a462d1,4c088abe,35,0:0,38807c65,,Yellow Card
b8a462d1,4c088abe,46,1:0,da8926f8,00bdb60c,Substitute
b8a462d1,4c088abe,46,1:0,d8e8aa5e,38807c65,Substitute
b8a462d1,4c088abe,60,1:0,3d2f23da,29ce678a,Substitute
b8a462d1,4c088abe,77,1:0,5f9a4271,55cc92c7,Substitute
b8a462d1,4c088abe,85,1:0,da8926f8,,Yellow Card
6c4786df,27acb0af,66,0:1,9b2eca77,2fe6b297,Substitute
6c4786df,27acb0af,79,0:1,93a9949d,ed9340d2,Substitute
6c4786df,54582b93,26,0:0,c4a096ef,,Yellow Card
6c4786df,54582b93,34,0:1,cd031048,b7defb34,Goal
6c4786df,54582b93,46,0:1,e5cf9043,c4a096ef,Substitute
6c4786df,54582b93,54,0:1,6ce1049b,7ea4e1eb,Substitute
6c4786df,54582b93,54,0:1,bd2f40ca,b7defb34,Substitute
6c4786df,54582b93,57,0:1,b30c8ad2,,Yellow Card
6c4786df,54582b93,75,0:1,e5cf9043,,Yellow Card
6c4786df,54582b93,80,0:1,f4cdd292,cd031048,Substitute
6c4786df,54582b93,90,0:1,08b5ed2e,,Yellow Card
f6fb9de4,f96ff499,11,0:0,38354446,,Yellow Card
f6fb9de4,f96ff499,41,1:0,6d0122d9,e4121aed,Goal
f6fb9de4,f96ff499,45,2:0,09bbe355,450dbe8a,Goal
f6fb9de4,f96ff499,57,2:1,d1b7de29,450dbe8a,Substitute
f6fb9de4,f96ff499,65,2:1,9488f06e,,Yellow Card
f6fb9de4,f96ff499,77,2:1,db1eeb84,277764c1,Substitute
f6fb9de4,f96ff499,84,2:1,df53f37b,46f6d3ed,Substitute
f6fb9de4,f96ff499,84,2:1,fde686b3,9488f06e,Substitute
f6fb9de4,f96ff499,90+2,3:2,6d0122d9,e4121aed,Goal
f6fb9de4,f96ff499,90+4,4:2,6d0122d9,e4121aed,Goal
f6fb9de4,0f4738a8,48,2:1,73ea3a61,,Goal
f6fb9de4,0f4738a8,55,2:1,bf12363c,,Yellow Card
f6fb9de4,0f4738a8,72,2:1,9b88dd16,bf12363c,Substitute
f6fb9de4,0f4738a8,73,2:1,c1f9c0b1,73ea3a61,Substitute
f6fb9de4,0f4738a8,83,2:1,80df9863,494a468d,Substitute
f6fb9de4,0f4738a8,87,2:2,d55abfda,c9ef783a,Goal
f6fb9de4,0f4738a8,90+6,4:2,c9ef783a,,Yellow Card
0b10cc6e,94929c05,16,1:1,7403b395,799764cf,Goal
0b10cc6e,94929c05,46,1:2,3b7b59d8,2b141a84,Substitute
0b10cc6e,94929c05,55,1:3,4aefa99f,7403b395,Substitute
0b10cc6e,94929c05,73,1:3,1e4610b4,619b6566,Substitute
0b10cc6e,94929c05,73,1:3,08137080,008c802c,Substitute
0b10cc6e,c21f25d3,6,0:1,924c6a21,7e9faac9,Goal
0b10cc6e,c21f25d3,30,1:1,4ddfe96c,,Yellow Card
0b10cc6e,c21f25d3,39,1:2,4ddfe96c,,Goal
0b10cc6e,c21f25d3,48,1:3,4ddfe96c,7e9faac9,Goal
0b10cc6e,c21f25d3,70,1:3,0fb6be65,7e9faac9,Substitute
0b10cc6e,c21f25d3,73,1:3,937e27c5,,Yellow Card
0b10cc6e,c21f25d3,82,1:3,eb7a2b29,4592dd7c,Substitute
0b10cc6e,c21f25d3,82,1:3,fc7e0b07,937e27c5,Substitute
0b10cc6e,c21f25d3,89,1:3,c9f131f8,aec17e23,Substitute
0b10cc6e,c21f25d3,89,1:3,7bcd77cf,4ddfe96c,Substitute
ec293233,15f49df1,8,1:0,1e3ba0ba,6a86dd87,Goal
ec293233,15f49df1,12,2:0,23a1662b,6862731d,Goal
ec293233,15f49df1,25,3:0,6862731d,1e3ba0ba,Goal
ec293233,15f49df1,36,4:0,1e3ba0ba,,Penalty Kick
ec293233,15f49df1,43,5:0,d41a5309,a5d0b32a,Goal
ec293233,15f49df1,47,5:0,d41a5309,,Yellow Card
ec293233,15f49df1,56,6:0,843324b5,1e3ba0ba,Goal
ec293233,15f49df1,60,6:0,d3c316a3,843324b5,Substitute
ec293233,15f49df1,60,6:0,ca934b6b,b2ea5a14,Substitute
ec293233,15f49df1,61,6:0,1efbd058,d41a5309,Substitute
ec293233,15f49df1,68,6:0,6862731d,,Yellow Card
ec293233,15f49df1,69,6:0,5b5de127,6862731d,Substitute
ec293233,15f49df1,71,6:0,ae510b79,1e3ba0ba,Substitute
ec293233,15f49df1,85,7:0,d3c316a3,f45ad67e,Goal
ec293233,15f49df1,90+6,8:0,5b5de127,ae510b79,Goal
ec293233,aa11fb42,35,3:0,1c279d7d,,Yellow Card
ec293233,aa11fb42,46,5:0,72c566fe,25f540ad,Substitute
ec293233,aa11fb42,46,5:0,47df4a71,75ecd2d8,Substitute
ec293233,aa11fb42,46,5:0,a5cc09de,fbfaadb9,Substitute
ec293233,aa11fb42,63,6:0,17630d22,f4697c5c,Substitute
ec293233,aa11fb42,76,6:0,aa9bb943,69053d78,Substitute
ec293233,aa11fb42,90+3,7:0,d5b21745,,Yellow Card
3eb4df75,753b93a5,11,1:0,87dbd121,,Goal
3eb4df75,753b93a5,24,1:0,360a8119,,Yellow Card
3eb4df75,753b93a5,58,1:1,f7d95aa2,b876a4b2,Substitute
3eb4df75,753b93a5,62,1:1,f7d95aa2,,Yellow Card
3eb4df75,753b93a5,73,1:2,e0a14e54,6d5d11eb,Substitute
3eb4df75,753b93a5,73,1:2,f43010b0,ae715fc6,Substitute
3eb4df75,753b93a5,80,1:2,f0b190fd,,Yellow Card
3eb4df75,753b93a5,84,1:2,e938c5ba,63d6ebea,Substitute
3eb4df75,b56c2667,36,1:0,3ca55cb5,,Yellow Card
3eb4df75,b56c2667,40,1:1,56d96411,7fa57813,Goal
3eb4df75,b56c2667,61,1:1,592989d5,3ab95bec,Substitute
3eb4df75,b56c2667,61,1:1,4c5339f9,3ca55cb5,Substitute
3eb4df75,b56c2667,61,1:1,b9002fb4,109f5c4c,Substitute
3eb4df75,b56c2667,72,1:2,7fa57813,36e74d61,Goal
3eb4df75,b56c2667,77,1:2,37ed9d8f,02d10cee,Substitute
3eb4df75,b56c2667,89,1:2,68efab40,56d96411,Substitute
3eb4df75,b56c2667,89,1:2,56d96411,,Yellow Card
fd302be0,74142337,15,0:0,ca9f6f0a,,Yellow Card
fd302be0,74142337,28,0:0,ead3c3e2,,Yellow Card
fd302be0,74142337,46,0:0,47197c8a,66c60fdc,Substitute
fd302be0,74142337,48,1:0,ca9f6f0a,,Goal
fd302be0,74142337,55,2:0,ead3c3e2,abf740b5,Goal
fd302be0,74142337,75,3:0,ca9f6f0a,,Goal
fd302be0,74142337,76,3:0,5fea5453,,Yellow Card
fd302be0,74142337,76,3:0,e074f9c9,,Yellow Card
fd302be0,74142337,77,3:0,3204f0a1,,Yellow Card
fd302be0,74142337,79,3:0,8d30cd58,ead3c3e2,Substitute
fd302be0,74142337,84,3:0,0a12ad6e,,Yellow Card
fd302be0,74142337,86,3:0,e074f9c9,0a12ad6e,Substitute
fd302be0,74142337,90,3:0,5fea5453,ca9f6f0a,Substitute
fd302be0,74142337,90,3:0,057ad0ac,e1d6961d,Substitute
fd302be0,215d9026,54,1:0,551f91a6,,Yellow Card
fd302be0,215d9026,56,2:0,68c02e30,09e61a3d,Substitute
fd302be0,215d9026,63,2:0,a788992d,551f91a6,Substitute
fd302be0,215d9026,64,2:0,e63f5928,,Yellow Card
fd302be0,215d9026,79,3:0,8e0e1589,,Yellow Card
fd302be0,215d9026,83,3:0,83f1bd99,e63f5928,Substitute
fd302be0,215d9026,83,3:0,cd97e99c,8e0e1589,Substitute
fd302be0,215d9026,83,3:0,672072df,86d66f47,Substitute
cfb7e617,89818574,13,1:0,41ccf1ac,e249a101,Goal
cfb7e617,89818574,38,1:1,419dbe83,,Yellow Card
cfb7e617,89818574,46,1:1,6965bcd4,e249a101,Substitute
cfb7e617,89818574,46,1:1,32f48f46,8ce35340,Substitute
cfb7e617,89818574,64,1:2,3a794757,645bf5f7,Substitute
cfb7e617,89818574,64,1:2,2f7b026f,a9d8cb9c,Substitute
cfb7e617,89818574,68,1:2,41ccf1ac,,Yellow Card
cfb7e617,89818574,75,1:2,c464f93a,419dbe83,Substitute
cfb7e617,7a7bef84,18,1:1,b75a6a51,53dece05,Goal
cfb7e617,7a7bef84,34,1:1,ecf1f2a5,,Yellow Card
cfb7e617,7a7bef84,52,1:2,7e31d872,,Goal
cfb7e617,7a7bef84,58,1:2,7f9fb342,97d28a0b,Substitute
cfb7e617,7a7bef84,71,1:2,6041cdeb,53dece05,Substitute
cfb7e617,7a7bef84,72,1:2,15cc3dbd,06c27ef8,Substitute
cfb7e617,7a7bef84,77,1:2,b0cf1db5,,Yellow Card
cfb7e617,7a7bef84,77,1:2,ec6de98d,93aa95a3,Substitute
cfb7e617,7a7bef84,90+3,1:2,15cc3dbd,,Yellow Card
16dc7b9c,0f4738a8,10,0:0,bf12363c,,Yellow Card
16dc7b9c,0f4738a8,38,1:0,c9ef783a,61478cfd,Goal
16dc7b9c,0f4738a8,46,1:0,9581d587,80df9863,Substitute
16dc7b9c,0f4738a8,50,2:1,d55abfda,f86c9887,Goal
16dc7b9c,0f4738a8,70,2:2,9b88dd16,c9ef783a,Substitute
16dc7b9c,0f4738a8,71,2:2,3d077d16,,Yellow Card
16dc7b9c,0f4738a8,81,3:2,9b88dd16,,Penalty Kick
16dc7b9c,0f4738a8,86,3:2,c1f9c0b1,bf12363c,Substitute
16dc7b9c,0f4738a8,86,3:2,a097ef45,61478cfd,Substitute
16dc7b9c,0f4738a8,86,3:2,93061962,3d077d16,Substitute
16dc7b9c,0f4738a8,90+1,4:2,d55abfda,9b88dd16,Goal
16dc7b9c,215d9026,48,1:1,09e61a3d,,Goal
16dc7b9c,215d9026,59,2:1,68c02e30,cf98a5b6,Substitute
16dc7b9c,215d9026,62,2:1,318ab9c3,,Yellow Card
16dc7b9c,215d9026,67,2:2,150b2d3b,,Own Goal
e4203147,89818574,55,1:2,6965bcd4,32f48f46,Goal
e4203147,89818574,59,1:2,c73de6bc,,Yellow Card
e4203147,89818574,61,1:2,419dbe83,d0c1e0fa,Substitute
e4203147,89818574,61,1:2,3a794757,fa2ad5a0,Substitute
e4203147,89818574,69,1:2,41ccf1ac,,Yellow Card
e4203147,89818574,75,2:2,8ce35340,,Goal
e4203147,89818574,76,2:2,8ce35340,,Yellow Card
e4203147,89818574,86,2:2,32f48f46,,Yellow Card
e4203147,27acb0af,29,0:1,ed9340d2,658b6b76,Goal
e4203147,27acb0af,47,0:2,2fe6b297,658b6b76,Goal
e4203147,27acb0af,56,1:2,8d9be8cd,,Yellow Card
e4203147,27acb0af,71,1:2,9b2eca77,ed9340d2,Substitute
e4203147,27acb0af,90+1,2:2,e24c4452,,Red Card
e4203147,27acb0af,90+2,2:3,8d9be8cd,9b2eca77,Goal
a267cc52,7a7bef84,34,1:1,ac649acb,,Own Goal
a267cc52,7a7bef84,46,1:1,06c27ef8,97d28a0b,Substitute
a267cc52,7a7bef84,54,2:1,7e31d872,,Goal
a267cc52,7a7bef84,55,2:1,469420ca,,Yellow Card
a267cc52,7a7bef84,73,2:3,5feaae04,7e31d872,Substitute
a267cc52,7a7bef84,73,2:3,ec6de98d,7f9fb342,Substitute
a267cc52,7a7bef84,80,2:4,d5195e84,6041cdeb,Substitute
a267cc52,7a7bef84,84,2:5,4f3341b5,53dece05,Substitute
a267cc52,7a7bef84,85,2:5,469420ca,,Second Yellow Card
a267cc52,94929c05,25,0:0,2dfa2aa3,,Yellow Card
a267cc52,94929c05,26,0:1,68fd2ca4,,Goal
a267cc52,94929c05,50,1:1,619b6566,,Yellow Card
a267cc52,94929c05,57,2:2,799764cf,1fe41030,Goal
a267cc52,94929c05,69,2:3,7403b395,a3a76e5f,Goal
a267cc52,94929c05,73,2:3,2b141a84,32afe064,Substitute
a267cc52,94929c05,73,2:3,1e4610b4,7403b395,Substitute
a267cc52,94929c05,74,2:4,08137080,799764cf,Goal
a267cc52,94929c05,79,2:4,7685f89a,1fe41030,Substitute
a267cc52,94929c05,79,2:4,b5375f49,2dfa2aa3,Substitute
a267cc52,94929c05,79,2:4,4c0a4b1e,68fd2ca4,Substitute
a267cc52,94929c05,81,2:5,4c0a4b1e,799764cf,Goal
a267cc52,94929c05,84,2:5,1e4610b4,,Yellow Card
a267cc52,94929c05,86,2:5,b5375f49,,Yellow Card
2bb592d4,54582b93,3,1:0,b30c8ad2,c4a096ef,Goal
2bb592d4,54582b93,32,2:0,bd2f40ca,8f146dff,Goal
2bb592d4,54582b93,35,3:0,bd2f40ca,8f146dff,Goal
2bb592d4,54582b93,45,4:0,8f146dff,cd031048,Goal
2bb592d4,54582b93,46,4:0,b7defb34,8f146dff,Substitute
2bb592d4,54582b93,46,4:0,46cc62c2,08b5ed2e,Substitute
2bb592d4,54582b93,56,4:0,e5cf9043,bd2f40ca,Substitute
2bb592d4,54582b93,57,5:0,46f75f0c,b30c8ad2,Goal
2bb592d4,54582b93,61,5:0,7ea4e1eb,b30c8ad2,Substitute
2bb592d4,54582b93,73,5:1,cd031048,,Yellow Card
2bb592d4,54582b93,73,5:1,9d8f244b,cd031048,Substitute
2bb592d4,e9fecaf2,28,1:0,a2da2320,,Yellow Card
2bb592d4,e9fecaf2,33,2:0,6c3d5e2c,58a40d2e,Substitute
2bb592d4,e9fecaf2,45+1,4:0,8f83b165,,Yellow Card
2bb592d4,e9fecaf2,46,4:0,2b721e60,a2da2320,Substitute
2bb592d4,e9fecaf2,46,4:0,4e42e797,ba27b13d,Substitute
2bb592d4,e9fecaf2,54,4:0,06ff92d6,,Yellow Card
2bb592d4,e9fecaf2,67,5:1,2b721e60,ffb9b018,Goal
2bb592d4,e9fecaf2,75,5:1,01e37463,8f83b165,Substitute
2bb592d4,e9fecaf2,82,5:1,2b721e60,,Yellow Card
596794cb,4c088abe,4,0:0,38807c65,,Yellow Card
596794cb,4c088abe,37,1:0,b7afea5e,,Goal
596794cb,4c088abe,45+1,1:0,da8926f8,,Yellow Card
596794cb,4c088abe,63,1:0,55cc92c7,38807c65,Substitute
596794cb,4c088abe,63,1:0,29ce678a,da8926f8,Substitute
596794cb,4c088abe,69,1:0,1063bc16,,Yellow Card
596794cb,4c088abe,72,1:0,6786e185,c87ba39a,Substitute
596794cb,4c088abe,83,1:0,358f6b63,b7afea5e,Substitute
596794cb,4c088abe,83,1:0,00bdb60c,454771bc,Substitute
596794cb,4c088abe,90+2,1:0,55cc92c7,,Yellow Card
596794cb,f96ff499,13,0:0,db1eeb84,,Yellow Card
596794cb,f96ff499,46,1:0,09bbe355,db1eeb84,Substitute
596794cb,f96ff499,61,1:0,e19143bb,9488f06e,Substitute
596794cb,f96ff499,61,1:0,0db7b252,ff43414f,Substitute
596794cb,f96ff499,61,1:0,450dbe8a,e4121aed,Substitute
596794cb,f96ff499,62,1:0,09bbe355,,Yellow Card
596794cb,f96ff499,72,1:0,fde686b3,6d0122d9,Substitute
5af98672,aa11fb42,7,1:0,eaf4b5e2,f4697c5c,Goal
5af98672,aa11fb42,24,2:0,f4697c5c,1c279d7d,Goal
5af98672,aa11fb42,69,2:1,1c279d7d,,Yellow Card
5af98672,aa11fb42,79,2:1,25f540ad,aa9bb943,Substitute
5af98672,aa11fb42,79,2:1,fbfaadb9,a5cc09de,Substitute
5af98672,aa11fb42,90,2:1,72c566fe,f4697c5c,Substitute
5af98672,aa11fb42,90,3:1,72c566fe,eaf4b5e2,Goal
5af98672,aa11fb42,90+3,3:1,fbfaadb9,,Yellow Card
5af98672,aa11fb42,90+3,3:1,5772c6a8,eaf4b5e2,Substitute
5af98672,74142337,53,2:0,7b839abb,66c60fdc,Substitute
5af98672,74142337,53,2:0,8d30cd58,0a12ad6e,Substitute
5af98672,74142337,66,2:1,cdc7ad08,abf740b5,Goal
5af98672,74142337,68,2:1,5fea5453,36fbc818,Substitute
ac4c9e3c,c21f25d3,40,1:0,924c6a21,,Penalty Kick
ac4c9e3c,c21f25d3,66,1:0,0fb6be65,eb7a2b29,Substitute
ac4c9e3c,c21f25d3,66,1:0,7e9faac9,4592dd7c,Substitute
ac4c9e3c,c21f25d3,68,2:0,0fb6be65,924c6a21,Goal
ac4c9e3c,c21f25d3,76,2:0,c9f131f8,20c7b4de,Substitute
ac4c9e3c,c21f25d3,77,2:0,322b3c10,924c6a21,Substitute
ac4c9e3c,c21f25d3,81,2:0,4ddfe96c,,Yellow Card
ac4c9e3c,c21f25d3,83,2:0,15dff0ba,daeee8a9,Substitute
ac4c9e3c,c21f25d3,90,3:0,322b3c10,15dff0ba,Goal
ac4c9e3c,753b93a5,14,0:0,f43010b0,,Yellow Card
ac4c9e3c,753b93a5,35,0:0,6d5d11eb,,Yellow Card
ac4c9e3c,753b93a5,39,0:0,f43010b0,,Second Yellow Card
ac4c9e3c,753b93a5,46,1:0,f0b190fd,6d5d11eb,Substitute
ac4c9e3c,753b93a5,52,1:0,0f9efe28,b876a4b2,Substitute
ac4c9e3c,753b93a5,62,1:0,f0b190fd,,Yellow Card
ac4c9e3c,753b93a5,74,2:0,f7d95aa2,db9efbc7,Substitute
ac4c9e3c,753b93a5,81,2:0,4c04b752,a200616d,Substitute
02a46818,b56c2667,25,1:1,36e74d61,,Penalty Kick
02a46818,b56c2667,44,1:2,02d10cee,7fa57813,Substitute
02a46818,b56c2667,68,1:3,96f3022f,592989d5,Substitute
02a46818,b56c2667,68,1:3,109f5c4c,68efab40,Substitute
02a46818,b56c2667,80,1:5,36e74d61,,Yellow Card
02a46818,b56c2667,82,1:6,3d6375b1,77448ed7,Substitute
02a46818,b56c2667,82,1:6,3ab95bec,56d96411,Substitute
02a46818,15f49df1,4,0:1,d3c316a3,b2ea5a14,Goal
02a46818,15f49df1,24,0:1,c6ae9544,,Yellow Card
02a46818,15f49df1,35,1:2,d41a5309,,Goal
02a46818,15f49df1,38,1:2,d3c316a3,,Yellow Card
02a46818,15f49df1,50,1:3,5056c581,d41a5309,Goal
02a46818,15f49df1,53,1:3,59da315a,1e3ba0ba,Substitute
02a46818,15f49df1,65,1:3,59da315a,,Yellow Card
02a46818,15f49df1,67,1:3,1efbd058,b2ea5a14,Substitute
02a46818,15f49df1,67,1:3,843324b5,5b5de127,Substitute
02a46818,15f49df1,72,1:4,843324b5,59da315a,Goal
02a46818,15f49df1,77,1:5,843324b5,,Goal
02a46818,15f49df1,78,1:5,a5d0b32a,6862731d,Substitute
02a46818,15f49df1,78,1:5,f45ad67e,d3c316a3,Substitute
02a46818,15f49df1,80,1:6,0bfd82d0,,Goal
